Date,coach,block,start_per,end_per,kwh,percent_used,miles_travelled,TAVG,TMAX,TMIN,tempdif,day_of_week,day,month,year
2019-04-08,7505,7774,100,34,1.883731,66,126.8,58,65,49,16,0,8,4,2019
2019-04-09,7505,7774,100,35,1.883731,65,127,49,55,45,10,1,9,4,2019
2019-04-09,7504,7773,100,58,1.794333,42,84,49,55,45,10,1,9,4,2019
2019-04-10,7505,7774,100,37,1.794333,63,128,53,61,45,16,2,10,4,2019
2019-04-10,7504,7772,100,58,1.883731,42,81,53,61,45,16,2,10,4,2019
2019-04-10,7501,7772,100,75,1.634058,25,55,53,61,45,16,2,10,4,2019
2019-04-11,7505,7774,100,26,2.105185,74,127,49,54,44,10,3,11,4,2019
2019-04-11,7501,7772,100,28,2.192128,72,118.9,49,54,44,10,3,11,4,2019
2019-04-11,7504,7773,100,59,1.427742,41,106.6,49,54,44,10,3,11,4,2019
2019-04-12,7504,7772,100,37,1.883731,63,120.1,53,63,41,22,4,12,4,2019
2019-04-12,7505,7774,100,31,1.947045,69,127.3,53,63,41,22,4,12,4,2019
2019-04-12,7501,7773,100,53,2.023659,47,83.6,53,63,41,22,4,12,4,2019
2019-04-15,7505,7772,100,42,1.719474,58,119.3,49,58,44,14,0,15,4,2019
2019-04-15,7504,7774,100,32,1.947045,68,127.1,49,58,44,14,0,15,4,2019
2019-04-15,7501,7773,100,54,1.947045,46,83.7,49,58,44,14,0,15,4,2019
2019-04-16,7505,7772,100,35,1.947045,65,119.1,49,56,44,12,1,16,4,2019
2019-04-16,7504,7774,100,37,1.794333,63,129,49,56,44,12,1,16,4,2019
2019-04-17,7505,7772,100,41,1.794333,59,120.1,58,67,49,18,2,17,4,2019
2019-04-17,7504,7774,100,42,1.634058,58,126.8,58,67,49,18,2,17,4,2019
2019-04-17,7501,7773,100,51,2.105185,49,83.6,58,67,49,18,2,17,4,2019
2019-04-18,7505,7772,100,40,1.794333,60,119,65,75,57,18,3,18,4,2019
2019-04-18,7504,7774,100,30,1.947045,70,127.1,65,75,57,18,3,18,4,2019
2019-04-18,7501,7773,100,47,2.298333,53,83.2,65,75,57,18,3,18,4,2019
2019-04-19,7505,7772,100,47,1.634058,53,119,63,73,47,26,4,19,4,2019
2019-04-19,7504,7774,100,30,1.947045,70,128,63,73,47,26,4,19,4,2019
2019-04-19,7501,7773,100,53,2.023659,47,83.6,63,73,47,26,4,19,4,2019
2019-04-22,7505,7772,100,47,2.105185,53,92,65,74,53,21,0,22,4,2019
2019-04-22,7504,7774,100,30,2.023659,70,126.6,65,74,53,21,0,22,4,2019
2019-04-22,7501,7773,100,49,2.023659,51,91.1,65,74,53,21,0,22,4,2019
2019-04-23,7505,7772,100,11,2.105185,89,154.8,71,79,63,16,1,23,4,2019
2019-04-23,7504,7774,100,33,1.883731,67,126.9,71,79,63,16,1,23,4,2019
2019-04-23,7501,7773,97,47,2.105185,50,84.8,71,79,63,16,1,23,4,2019
2019-04-24,7505,7772,100,27,2.192128,73,119,75,82,69,13,2,24,4,2019
2019-04-24,7504,7774,100,31,1.947045,69,129,75,82,69,13,2,24,4,2019
2019-04-24,7501,7773,100,48,2.192128,52,84,75,82,69,13,2,24,4,2019
2019-04-29,7505,7772,100,38,1.883731,62,119,53,63,44,19,0,29,4,2019
2019-04-29,7504,7774,100,32,1.883731,68,129,53,63,44,19,0,29,4,2019
2019-04-29,7501,7773,100,53,2.023659,47,84,53,63,44,19,0,29,4,2019
2019-04-30,7505,7772,100,33,2.023659,67,119,52,61,47,14,1,30,4,2019
2019-04-30,7504,7774,100,33,1.883731,67,128,52,61,47,14,1,30,4,2019
2019-04-30,7501,7773,100,52,2.023659,48,84,52,61,47,14,1,30,4,2019
2019-05-01,7505,7772,100,35,1.947045,65,119,58,68,49,19,2,1,5,2019
2019-05-01,7501,7774,100,42,1.947045,58,106,58,68,49,19,2,1,5,2019
2019-05-01,7503,7773,96,47,2.105185,49,84,58,68,49,19,2,1,5,2019
2019-05-02,7505,7772,100,36,1.947045,64,119,62,70,54,16,3,2,5,2019
2019-05-02,7503,7774,100,31,1.947045,69,129,62,70,54,16,3,2,5,2019
2019-05-02,7504,7773,100,53,2.023659,47,84,62,70,54,16,3,2,5,2019
2019-05-03,7505,7772,100,31,2.105185,69,119,64,72,55,17,4,3,5,2019
2019-05-03,7503,7774,100,30,1.947045,70,128,64,72,55,17,4,3,5,2019
2019-05-03,7501,7773,100,49,2.192128,51,84,64,72,55,17,4,3,5,2019
2019-05-06,7501,7772,100,36,2.192128,64,106.2,51,60,45,15,0,6,5,2019
2019-05-06,7502,7771,100,13,2.023659,87,157.2,51,60,45,15,0,6,5,2019
2019-05-06,7503,7774,100,34,1.883731,66,126.8,51,60,45,15,0,6,5,2019
2019-05-06,7504,7773,98,52,1.947045,46,84.3,51,60,45,15,0,6,5,2019
2019-05-07,7502,7771,100,12,2.023659,88,158.3,54,64,46,18,1,7,5,2019
2019-05-07,7501,7772,100,37,1.883731,63,120.3,54,64,46,18,1,7,5,2019
2019-05-07,7504,7774,100,40,1.719474,60,128,54,64,46,18,1,7,5,2019
2019-05-07,7503,7773,100,52,2.023659,48,84,54,64,46,18,1,7,5,2019
2019-05-08,7503,7771,100,16,1.883731,84,159,56,69,46,23,2,8,5,2019
2019-05-08,7504,7774,100,38,1.719474,62,128,56,69,46,23,2,8,5,2019
2019-05-08,7501,7773,81,29,2.192128,52,84,56,69,46,23,2,8,5,2019
2019-05-09,7503,7771,100,22,1.794333,78,159,53,62,48,14,3,9,5,2019
2019-05-09,7501,7772,100,40,1.794333,60,120,53,62,48,14,3,9,5,2019
2019-05-09,7504,7774,100,32,1.883731,68,129,53,62,48,14,3,9,5,2019
2019-05-09,7505,7773,100,52,2.023659,48,85,53,62,48,14,3,9,5,2019
2019-05-10,7503,7771,100,17,1.883731,83,158,57,69,47,22,4,10,5,2019
2019-05-10,7501,7772,100,40,1.794333,60,120,57,69,47,22,4,10,5,2019
2019-05-10,7504,7774,100,28,2.023659,72,128,57,69,47,22,4,10,5,2019
2019-05-10,7502,7773,96,45,2.192128,51,85,57,69,47,22,4,10,5,2019
2019-05-13,7503,7771,100,11,2.023659,89,158,61,72,46,26,0,13,5,2019
2019-05-13,7501,7772,100,41,1.794333,59,120,61,72,46,26,0,13,5,2019
2019-05-13,7504,7774,100,26,2.105185,74,128,61,72,46,26,0,13,5,2019
2019-05-13,7502,7773,94,41,2.298333,53,84,61,72,46,26,0,13,5,2019
2019-05-14,7503,7771,100,20,1.794333,80,158,53,61,46,15,1,14,5,2019
2019-05-14,7502,7772,100,42,1.719474,58,120,53,61,46,15,1,14,5,2019
2019-05-14,7504,7774,100,40,1.719474,60,128,53,61,46,15,1,14,5,2019
2019-05-14,7501,7773,100,52,2.023659,48,84,53,61,46,15,1,14,5,2019
2019-05-15,7503,7771,100,18,1.883731,82,158,53,60,46,14,2,15,5,2019
2019-05-15,7502,7772,100,40,1.794333,60,119,53,60,46,14,2,15,5,2019
2019-05-15,7504,7774,100,37,1.794333,63,128,53,60,46,14,2,15,5,2019
2019-05-15,7501,7773,100,57,1.794333,43,85,53,60,46,14,2,15,5,2019
2019-05-16,7503,7771,100,18,1.883731,82,158,46,50,44,6,3,16,5,2019
2019-05-16,7504,7774,100,65,1.634058,35,79,46,50,44,6,3,16,5,2019
2019-05-16,7501,7773,100,59,1.794333,41,84,46,50,44,6,3,16,5,2019
2019-05-17,7503,7771,100,12,2.023659,88,158,47,55,43,12,4,17,5,2019
2019-05-17,7502,7772,99,35,1.947045,64,119,47,55,43,12,4,17,5,2019
2019-05-17,7504,7774,99,62,1.719474,37,79,47,55,43,12,4,17,5,2019
2019-05-17,7501,7773,99,54,1.883731,45,85,47,55,43,12,4,17,5,2019
2019-05-20,7503,7771,99,13,1.947045,86,159,49,57,43,14,0,20,5,2019
2019-05-20,7502,7772,100,31,2.105185,69,119,49,57,43,14,0,20,5,2019
2019-05-20,7505,7774,99,26,2.023659,73,129,49,57,43,14,0,20,5,2019
2019-05-20,,7773,99,53,1.883731,46,87,49,57,43,14,0,20,5,2019
2019-05-21,7503,7771,99,19,1.794333,80,158,46,48,44,4,1,21,5,2019
2019-05-21,7502,7772,99,41,1.794333,58,119,46,48,44,4,1,21,5,2019
2019-05-21,7501,7774,99,34,1.794333,65,128,46,48,44,4,1,21,5,2019
2019-05-21,7504,7773,98,56,1.794333,42,85,46,48,44,4,1,21,5,2019
2019-05-22,7505,7771,100,16,1.883731,84,159,53,62,45,17,2,22,5,2019
2019-05-22,7503,7772,100,31,2.105185,69,119,53,62,45,17,2,22,5,2019
2019-05-22,7502,7774,99,37,1.794333,62,126,53,62,45,17,2,22,5,2019
2019-05-22,7501,7773,100,54,1.947045,46,85,53,62,45,17,2,22,5,2019
2019-05-23,7503,7771,100,20,1.794333,80,159,56,66,49,17,3,23,5,2019
2019-05-23,7504,7772,100,34,1.947045,66,120,56,66,49,17,3,23,5,2019
2019-05-23,7505,7774,100,31,1.947045,69,127,56,66,49,17,3,23,5,2019
2019-05-23,7502,7773,99,53,1.947045,46,84,56,66,49,17,3,23,5,2019
2019-05-24,7503,7771,100,17,1.883731,83,157,57,67,48,19,4,24,5,2019
2019-05-24,7504,7772,100,35,1.947045,65,119,57,67,48,19,4,24,5,2019
2019-05-24,7505,7774,100,28,2.023659,72,128,57,67,48,19,4,24,5,2019
2019-05-24,7501,7773,100,60,1.719474,40,85,57,67,48,19,4,24,5,2019
2019-05-28,7502,7771,100,18,1.883731,82,157,57,67,46,21,1,28,5,2019
2019-05-28,7503,7772,100,46,1.634058,54,119,57,67,46,21,1,28,5,2019
2019-05-28,7504,7774,100,38,1.794333,62,127,57,67,46,21,1,28,5,2019
2019-05-29,7503,7771,100,21,1.794333,79,159,62,72,47,25,2,29,5,2019
2019-05-29,7502,7772,100,39,1.883731,61,119,62,72,47,25,2,29,5,2019
2019-05-29,7504,7774,100,36,1.794333,64,129,62,72,47,25,2,29,5,2019
2019-05-29,7505,7773,98,50,2.023659,48,84,62,72,47,25,2,29,5,2019
2019-05-30,7504,7771,100,25,1.719474,75,158,54,65,45,20,3,30,5,2019
2019-05-30,7502,7772,100,36,1.947045,64,119,54,65,45,20,3,30,5,2019
2019-05-30,7505,7774,100,38,1.719474,62,129,54,65,45,20,3,30,5,2019
2019-05-30,7503,7773,99,53,1.947045,46,84,54,65,45,20,3,30,5,2019
2019-05-31,7504,7771,99,21,1.794333,78,158,65,74,50,24,4,31,5,2019
2019-05-31,7502,7772,100,31,2.105185,69,119,65,74,50,24,4,31,5,2019
2019-05-31,7505,7774,100,29,1.947045,71,129,65,74,50,24,4,31,5,2019
2019-05-31,7503,7773,100,50,2.105185,50,85,65,74,50,24,4,31,5,2019
2019-06-03,7502,7771,100,17,1.883731,83,159,68,76,53,23,0,3,6,2019
2019-06-03,7503,7772,100,37,1.883731,63,119,68,76,53,23,0,3,6,2019
2019-06-03,7504,7773,98,50,2.023659,48,85,68,76,53,23,0,3,6,2019
2019-06-04,7503,7771,100,10,2.023659,90,158,75,83,65,18,1,4,6,2019
2019-06-04,7502,7772,100,40,1.947045,60,112,75,83,65,18,1,4,6,2019
2019-06-04,7504,7774,98,27,1.947045,71,129,75,83,65,18,1,4,6,2019
2019-06-05,7502,7771,100,7,2.298333,93,149,75,85,60,25,2,5,6,2019
2019-06-05,7503,7772,100,29,2.192128,71,119,75,85,60,25,2,5,6,2019
2019-06-05,7504,7774,100,33,1.883731,67,129,75,85,60,25,2,5,6,2019
2019-06-06,7503,7771,100,21,1.794333,79,158,60,67,49,18,3,6,6,2019
2019-06-06,7502,7772,100,29,2.192128,71,119,60,67,49,18,3,6,6,2019
2019-06-06,7504,7773,98,51,2.023659,47,85,60,67,49,18,3,6,6,2019
2019-06-07,7503,7771,100,19,1.883731,81,158,58,69,44,25,4,7,6,2019
2019-06-07,7502,7772,100,44,1.719474,56,120,58,69,44,25,4,7,6,2019
2019-06-07,7504,7773,98,50,2.023659,48,85,58,69,44,25,4,7,6,2019
2019-06-10,7503,7771,100,9,2.023659,91,159,84,94,76,18,0,10,6,2019
2019-06-10,7502,7772,100,20,2.4085,80,119,84,94,76,18,0,10,6,2019
2019-06-10,7504,7774,100,15,2.4085,85,129,84,94,76,18,0,10,6,2019
2019-06-11,7502,7771,100,6,2.13,94,159,86,96,76,20,1,11,6,2019
2019-06-11,7503,7772,100,23,2.33,77,119,86,96,76,20,1,11,6,2019
2019-06-12,7502,7771,100,10,2.04,90,159,80,90,65,25,2,12,6,2019
2019-06-12,7504,7774,100,29,1.82,71,129,80,90,65,25,2,12,6,2019
2019-06-12,7503,7773,100,42,2.46,58,85,80,90,65,25,2,12,6,2019
2019-06-13,7502,7771,100,21,1.79,79,159,69,79,61,18,3,13,6,2019
2019-06-13,7505,7773,97,47,2.14,50,84,69,79,61,18,3,13,6,2019
2019-06-14,7503,7772,100,45,1.66,55,119,62,75,50,25,4,14,6,2019
2019-06-14,7502,7773,100,55,1.89,45,85,62,75,50,25,4,14,6,2019
2019-06-17,7503,7771,100,10,2.03,90,160,71,79,62,17,0,17,6,2019
2019-06-17,7502,7772,99,42,2.18,57,94,71,79,62,17,0,17,6,2019
2019-06-17,7505,7774,100,30,1.81,70,127,71,79,62,17,0,17,6,2019
2019-06-18,7502,7772,100,30,2.12,70,119,75,83,65,18,1,18,6,2019
2019-06-18,7505,7774,100,33,1.93,67,129,75,83,65,18,1,18,6,2019
2019-06-18,7501,7773,96,46,2.07,50,87,75,83,65,18,1,18,6,2019
2019-06-19,7502,7771,100,18,1.94,82,159,73,80,63,17,2,19,6,2019
2019-06-19,7501,7772,100,35,1.83,65,119,73,80,63,17,2,19,6,2019
2019-06-19,7505,7774,100,37,1.76,63,129,73,80,63,17,2,19,6,2019
2019-06-20,7503,7771,100,18,1.94,82,159,63,73,51,22,3,20,6,2019
2019-06-20,7502,7772,100,28,2.18,72,119,63,73,51,22,3,20,6,2019
2019-06-20,7505,7774,100,46,1.85,54,100,63,73,51,22,3,20,6,2019
2019-06-20,7501,7773,100,50,2.12,50,85,63,73,51,22,3,20,6,2019
2019-06-21,7502,7772,100,33,2.03,67,119,64,73,49,24,4,21,6,2019
2019-06-21,7505,7774,100,37,1.76,63,129,64,73,49,24,4,21,6,2019
2019-06-24,7503,7771,100,16,1.89,84,159,75,84,66,18,0,24,6,2019
2019-06-24,7502,7772,100,44,1.69,56,119,75,84,66,18,0,24,6,2019
2019-06-24,7505,7774,100,30,1.84,70,129,75,84,66,18,0,24,6,2019
2019-06-24,7501,7773,100,50,2.12,50,85,75,84,66,18,0,24,6,2019
2019-06-25,7502,7771,100,19,1.96,81,159,67,76,56,20,1,25,6,2019
2019-06-25,7503,7772,100,45,1.66,55,119,67,76,56,20,1,25,6,2019
2019-06-25,7505,7774,100,19,2.26,81,129,67,76,56,20,1,25,6,2019
2019-06-26,7502,7771,100,19,1.96,81,159,58,68,51,17,2,26,6,2019
2019-06-26,7505,7772,100,23,2.33,77,119,58,68,51,17,2,26,6,2019
2019-06-26,7501,7774,100,34,1.95,66,129,58,68,51,17,2,26,6,2019
2019-06-26,7503,7773,100,55,1.89,45,85,58,68,51,17,2,26,6,2019
2019-06-27,7502,7771,100,14,1.85,86,159,57,68,49,19,3,27,6,2019
2019-06-27,7501,7772,100,27,2.21,73,119,57,68,49,19,3,27,6,2019
2019-06-27,7505,7774,100,29,1.82,71,129,57,68,49,19,3,27,6,2019
2019-06-27,7503,7773,100,55,1.89,45,85,57,68,49,19,3,27,6,2019
2019-06-28,7502,7771,100,17,1.92,83,159,62,74,52,22,4,28,6,2019
2019-06-28,7501,7772,100,47,1.6,53,119,62,74,52,22,4,28,6,2019
2019-06-28,7505,7774,100,31,1.87,69,129,62,74,52,22,4,28,6,2019
2019-07-01,,7772,100,78,1.58,22,50,66,74,57,17,0,1,7,2019
2019-07-01,,7772,78,38,2.06,40,70,66,74,57,17,0,1,7,2019
2019-07-01,7505,7774,100,63,1.78,37,75,66,74,57,17,0,1,7,2019
2019-07-01,7505,7774,63,35,1.87,28,54,66,74,57,17,0,1,7,2019
2019-07-02,7505,7771,100,51,2.42,49,73,64,73,55,18,1,2,7,2019
2019-07-02,7505,7771,51,17,2.5,34,49,64,73,55,18,1,2,7,2019
2019-07-02,7503,7772,100,38,1.88,62,119,64,73,55,18,1,2,7,2019
2019-07-02,7503,7772,100,76,1.73,24,50,64,73,55,18,1,2,7,2019
2019-07-02,7503,7772,76,38,1.85,38,74,64,73,55,18,1,2,7,2019
2019-07-02,7501,7774,100,90,1.57,10,23,64,73,55,18,1,2,7,2019
2019-07-02,7501,7774,90,61,1.9,29,55,64,73,55,18,1,2,7,2019
2019-07-02,7501,7774,61,34,1.74,27,56,64,73,55,18,1,2,7,2019
2019-07-02,7502,7773,100,65,1.48,35,85,64,73,55,18,1,2,7,2019
2019-07-03,7503,7772,100,74,1.87,26,50,62,74,52,22,2,3,7,2019
2019-07-03,7503,7772,74,33,2.14,41,69,62,74,52,22,2,3,7,2019
2019-07-03,7502,7774,100,88,1.88,12,23,62,74,52,22,2,3,7,2019
2019-07-03,7502,7774,88,58,2.08,30,52,62,74,52,22,2,3,7,2019
2019-07-03,7502,,58,30,1.87,28,54,62,74,52,22,2,3,7,2019
2019-07-05,7501,7772,100,76,1.73,24,50,72,81,66,15,4,5,7,2019
2019-07-05,7501,7772,76,40,1.88,36,69,72,81,66,15,4,5,7,2019
2019-07-05,7502,7774,100,89,1.72,11,23,72,81,66,15,4,5,7,2019
2019-07-05,7502,7774,89,57,2.22,32,52,72,81,66,15,4,5,7,2019
2019-07-05,7502,7774,57,27,2,30,54,72,81,66,15,4,5,7,2019
2019-07-05,7503,7773,100,58,1.78,42,85,72,81,66,15,4,5,7,2019
2019-07-08,7503,7771,100,45,1.8,55,110,60,70,49,21,0,8,7,2019
2019-07-08,7503,7771,45,16,2.18,29,48,60,70,49,21,0,8,7,2019
2019-07-08,7502,7772,99,73,1.87,26,50,60,70,49,21,0,8,7,2019
2019-07-08,7502,7772,73,34,2.01,39,70,60,70,49,21,0,8,7,2019
2019-07-09,7502,7771,100,44,1.83,56,110,62,73,55,18,1,9,7,2019
2019-07-09,7502,7771,44,15,2.13,29,49,62,73,55,18,1,9,7,2019
2019-07-09,7503,7772,100,73,1.94,27,50,62,73,55,18,1,9,7,2019
2019-07-09,7503,7772,73,38,1.8,35,70,62,73,55,18,1,9,7,2019
2019-07-10,7502,7771,100,46,1.77,54,110,63,75,55,20,2,10,7,2019
2019-07-10,7502,7771,46,19,2.03,27,48,63,75,55,20,2,10,7,2019
2019-07-10,7503,7772,100,78,1.58,22,50,63,75,55,20,2,10,7,2019
2019-07-10,7503,7772,78,44,1.77,34,69,63,75,55,20,2,10,7,2019
2019-07-10,7501,7774,100,91,1.41,9,23,63,75,55,20,2,10,7,2019
2019-07-10,7501,7774,91,62,1.97,29,53,63,75,55,20,2,10,7,2019
2019-07-10,7501,7774,62,31,2.15,31,52,63,75,55,20,2,10,7,2019
2019-07-10,7504,7773,100,48,2.18,52,86,63,75,55,20,2,10,7,2019
2019-07-11,7504,7771,100,47,1.73,53,110,68,78,57,21,3,11,7,2019
2019-07-11,7504,7771,47,18,2.13,29,49,68,78,57,21,3,11,7,2019
2019-07-11,7503,7772,100,76,1.76,24,49,68,78,57,21,3,11,7,2019
2019-07-11,7503,7772,76,45,1.57,31,71,68,78,57,21,3,11,7,2019
2019-07-11,7501,7774,100,91,1.41,9,23,68,78,57,21,3,11,7,2019
2019-07-11,7501,7774,91,60,2.11,31,53,68,78,57,21,3,11,7,2019
2019-07-11,7501,7774,60,30,2.08,30,52,68,78,57,21,3,11,7,2019
2019-07-12,7504,7771,100,47,1.73,53,110,72,82,64,18,4,12,7,2019
2019-07-12,7504,7771,47,16,2.28,31,49,72,82,64,18,4,12,7,2019
2019-07-12,7503,7772,100,75,1.8,25,50,72,82,64,18,4,12,7,2019
2019-07-12,7503,7772,75,36,2.03,39,69,72,82,64,18,4,12,7,2019
2019-07-12,7501,7774,100,90,1.57,10,23,72,82,64,18,4,12,7,2019
2019-07-12,7501,7774,90,60,2.04,30,53,72,82,64,18,4,12,7,2019
2019-07-12,7501,7774,60,30,2.04,30,53,72,82,64,18,4,12,7,2019
2019-07-15,7505,7771,100,43,1.8,57,114,70,82,60,22,0,15,7,2019
2019-07-15,7505,7771,43,12,2.23,31,50,70,82,60,22,0,15,7,2019
2019-07-15,7503,7772,100,78,1.55,22,51,70,82,60,22,0,15,7,2019
2019-07-15,7503,7772,78,38,2.03,40,71,70,82,60,22,0,15,7,2019
2019-07-15,7501,7774,100,89,1.58,11,25,70,82,60,22,0,15,7,2019
2019-07-15,7501,7774,89,56,2.2,33,54,70,82,60,22,0,15,7,2019
2019-07-15,7501,7774,56,23,2.08,33,57,70,82,60,22,0,15,7,2019
2019-07-15,7504,7773,100,50,2.09,50,86,70,82,60,22,0,15,7,2019
2019-07-16,7504,7771,100,42,1.8,58,116,67,78,60,18,1,16,7,2019
2019-07-16,7504,7771,42,15,1.94,27,50,67,78,60,18,1,16,7,2019
2019-07-16,7505,7772,100,81,1.32,19,52,67,78,60,18,1,16,7,2019
2019-07-16,7505,7772,81,38,2.12,43,73,67,78,60,18,1,16,7,2019
2019-07-16,7503,7774,100,89,1.65,11,24,67,78,60,18,1,16,7,2019
2019-07-16,7503,7774,89,55,2.35,34,52,67,78,60,18,1,16,7,2019
2019-07-16,7503,7774,55,26,1.97,29,53,67,78,60,18,1,16,7,2019
2019-07-17,7501,7772,100,55,2.1,45,77,71,83,59,24,2,17,7,2019
2019-07-18,7503,7772,100,79,1.51,21,50,71,79,61,18,3,18,7,2019
2019-07-18,7503,7772,79,36,2.24,43,69,71,79,61,18,3,18,7,2019
2019-07-19,7501,7771,100,47,1.73,53,110,68,79,57,22,4,19,7,2019
2019-07-19,7501,7771,47,18,2.09,29,50,68,79,57,22,4,19,7,2019
2019-07-22,7503,7771,100,46,1.77,54,110,76,86,70,16,0,22,7,2019
2019-07-22,7503,7771,46,15,2.28,31,49,76,86,70,16,0,22,7,2019
2019-07-22,7501,7772,100,78,1.58,22,50,76,86,70,16,0,22,7,2019
2019-07-22,7501,7772,78,30,2.5,48,69,76,86,70,16,0,22,7,2019
2019-07-23,7503,7771,100,46,1.77,54,110,75,83,68,15,1,23,7,2019
2019-07-23,7503,7771,46,18,2.06,28,49,75,83,68,15,1,23,7,2019
2019-07-23,7501,7772,100,78,1.58,22,50,75,83,68,15,1,23,7,2019
2019-07-23,7501,7772,78,36,2.19,42,69,75,83,68,15,1,23,7,2019
2019-07-23,7502,7773,100,52,2.03,48,85,75,83,68,15,1,23,7,2019
2019-07-24,7505,7771,100,70,2.12,30,51,83,93,75,18,2,24,7,2019
2019-07-24,7505,7771,70,41,2.13,29,49,83,93,75,18,2,24,7,2019
2019-07-24,7502,7772,100,73,1.98,27,49,83,93,75,18,2,24,7,2019
2019-07-24,7502,7772,79,20,3.03,59,70,83,93,75,18,2,24,7,2019
2019-07-24,7501,7774,100,91,1.41,9,23,83,93,75,18,2,24,7,2019
2019-07-24,7501,7774,91,53,2.63,38,52,83,93,75,18,2,24,7,2019
2019-07-24,7501,7774,53,23,2,30,54,83,93,75,18,2,24,7,2019
2019-07-29,7503,7771,100,44,1.83,56,110,72,80,62,18,0,29,7,2019
2019-07-29,7503,7771,44,13,2.28,31,49,72,80,62,18,0,29,7,2019
2019-07-29,7504,7772,100,80,1.44,20,50,72,80,62,18,0,29,7,2019
2019-07-29,7504,7772,80,35,2.35,45,69,72,80,62,18,0,29,7,2019
2019-07-30,7504,7771,100,44,1.83,56,110,66,77,56,21,1,30,7,2019
2019-07-30,7504,7771,44,19,1.8,25,50,66,77,56,21,1,30,7,2019
2019-07-30,7503,7772,100,75,1.8,25,50,66,77,56,21,1,30,7,2019
2019-07-30,7503,7772,75,37,1.98,38,69,66,77,56,21,1,30,7,2019
2019-07-31,7504,7771,100,49,1.67,51,110,72,81,65,16,2,31,7,2019
2019-07-31,7504,7771,49,20,2.13,29,49,72,81,65,16,2,31,7,2019
2019-07-31,7503,7772,100,76,1.73,24,50,72,81,65,16,2,31,7,2019
2019-07-31,7503,7772,76,38,1.98,38,69,72,81,65,16,2,31,7,2019
2019-08-01,7505,7771,100,49,1.67,51,110,66,74,56,18,3,1,8,2019
2019-08-01,7505,7771,49,22,1.98,27,49,66,74,56,18,3,1,8,2019
2019-08-01,7502,7772,100,80,1.44,20,50,66,74,56,18,3,1,8,2019
2019-08-01,7502,7772,80,38,2.19,42,69,66,74,56,18,3,1,8,2019
2019-08-02,7502,7771,100,47,1.73,53,110,69,78,57,21,4,2,8,2019
2019-08-02,7502,7771,47,17,2.2,30,49,69,78,57,21,4,2,8,2019
2019-08-02,7505,7772,100,81,1.37,19,50,69,78,57,21,4,2,8,2019
2019-08-02,7505,7772,81,37,2.26,44,70,69,78,57,21,4,2,8,2019
2019-08-02,7504,7774,100,89,1.72,11,23,69,78,57,21,4,2,8,2019
2019-08-02,7504,7774,89,55,2.31,34,53,69,78,57,21,4,2,8,2019
2019-08-02,7504,7774,55,26,1.93,29,54,69,78,57,21,4,2,8,2019
2019-08-05,7505,7771,100,46,1.77,54,110,73,84,64,20,0,5,8,2019
2019-08-05,7504,7772,100,79,1.51,21,50,73,84,64,20,0,5,8,2019
2019-08-05,7504,7772,79,37,2.19,42,69,73,84,64,20,0,5,8,2019
2019-08-06,7503,7771,100,51,1.6,49,110,75,86,65,21,1,6,8,2019
2019-08-06,7503,7771,51,21,2.2,30,49,75,86,65,21,1,6,8,2019
2019-08-06,7504,7772,100,77,1.66,23,50,75,86,65,21,1,6,8,2019
2019-08-06,7504,7772,77,26,2.66,51,69,75,86,65,21,1,6,8,2019
2019-08-07,7504,7771,100,44,1.83,56,110,67,77,54,23,2,7,8,2019
2019-08-07,7504,7771,44,12,2.35,32,49,67,77,54,23,2,7,8,2019
2019-08-07,7503,7772,100,79,1.51,21,50,67,77,54,23,2,7,8,2019
2019-08-07,7503,7772,79,43,1.88,36,69,67,77,54,23,2,7,8,2019
2019-08-07,7502,7774,100,91,1.41,9,23,67,77,54,23,2,7,8,2019
2019-08-07,7502,7774,91,51,2.77,40,52,67,77,54,23,2,7,8,2019
2019-08-07,7502,7774,51,26,1.67,25,54,67,77,54,23,2,7,8,2019
2019-08-08,7502,7771,100,47,1.73,53,110,60,70,51,19,3,8,8,2019
2019-08-08,7502,7771,47,17,2.2,30,49,60,70,51,19,3,8,8,2019
2019-08-09,7502,7771,100,47,1.73,53,110,64,75,54,21,4,9,8,2019
2019-08-09,7502,7771,47,11,2.64,36,49,64,75,54,21,4,9,8,2019
2019-08-09,7504,7772,100,80,1.44,20,50,64,75,54,21,4,9,8,2019
2019-08-09,7504,7772,80,32,2.47,48,70,64,75,54,21,4,9,8,2019
2019-08-12,7503,7771,100,47,1.73,53,110,76,86,66,20,0,12,8,2019
2019-08-12,7503,7771,47,8,2.87,39,49,76,86,66,20,0,12,8,2019
2019-08-13,7502,7772,100,77,1.66,23,50,80,91,69,22,1,13,8,2019
2019-08-13,7502,7772,77,22,2.87,55,69,80,91,69,22,1,13,8,2019
2019-08-14,7502,7773,100,38,2.63,62,85,84,94,77,17,2,14,8,2019
2019-08-15,7505,7774,100,91,1.41,9,23,86,96,79,17,3,15,8,2019
2019-08-15,7505,7774,91,52,2.7,39,52,86,96,79,17,3,15,8,2019
2019-08-15,7505,7774,52,15,2.47,37,54,86,96,79,17,3,15,8,2019
2019-08-16,7502,7774,100,90,1.57,10,23,84,92,73,19,4,16,8,2019
2019-08-16,7502,7774,90,51,2.7,39,52,84,92,73,19,4,16,8,2019
2019-08-16,7502,7774,51,17,2.27,34,54,84,92,73,19,4,16,8,2019
2019-08-16,7505,7773,100,45,2.33,55,85,84,92,73,19,4,16,8,2019
2019-08-19,7502,7771,100,68,2.09,32,55,60,71,50,21,0,19,8,2019
2019-08-19,7505,7772,100,77,1.66,23,50,60,71,50,21,0,19,8,2019
2019-08-19,7505,7772,77,25,2.71,52,69,60,71,50,21,0,19,8,2019
2019-08-20,7502,7772,100,78,1.58,22,50,60,72,52,20,1,20,8,2019
2019-08-20,7502,7772,78,35,2.24,43,69,60,72,52,20,1,20,8,2019
2019-08-20,7505,7774,100,90,1.57,10,23,60,72,52,20,1,20,8,2019
2019-08-20,7505,7774,90,55,2.42,35,52,60,72,52,20,1,20,8,2019
2019-08-20,7505,7774,55,28,1.8,27,54,60,72,52,20,1,20,8,2019
2019-08-21,7505,7772,100,77,1.66,23,50,70,83,59,24,2,21,8,2019
2019-08-21,7505,7772,77,34,2.24,43,69,70,83,59,24,2,21,8,2019
2019-08-22,7505,7774,100,90,1.57,10,23,73,84,62,22,3,22,8,2019
2019-08-22,7505,7774,90,53,2.56,37,52,73,84,62,22,3,22,8,2019
2019-08-22,7505,7774,53,30,1.53,23,54,73,84,62,22,3,22,8,2019
2019-08-26,7501,7772,100,77,1.66,23,50,80,91,72,19,0,26,8,2019
2019-08-26,7501,7772,77,12,3.39,65,69,80,91,72,19,0,26,8,2019
2019-08-26,7503,7774,100,90,1.57,10,23,80,91,72,19,0,26,8,2019
2019-08-26,7503,7774,90,53,2.56,37,52,80,91,72,19,0,26,8,2019
2019-08-26,7503,7774,53,17,2.4,36,54,80,91,72,19,0,26,8,2019
2019-08-27,7502,7772,100,77,1.66,23,50,80,90,73,17,1,27,8,2019
2019-08-27,7502,7772,77,15,3.23,62,69,80,90,73,17,1,27,8,2019
2019-08-27,7505,7774,100,90,1.57,10,23,80,90,73,17,1,27,8,2019
2019-08-27,7505,7774,90,53,2.56,37,52,80,90,73,17,1,27,8,2019
2019-08-27,7505,7774,53,20,2.2,33,54,80,90,73,17,1,27,8,2019
2019-08-27,7503,7773,80,23,2.41,57,85,80,90,73,17,1,27,8,2019
2019-08-29,7501,7774,100,90,1.57,10,23,63,76,56,20,3,29,8,2019
2019-08-29,7501,7774,90,55,2.42,35,52,63,76,56,20,3,29,8,2019
2019-08-29,7501,7774,55,27,1.87,28,54,63,76,56,20,3,29,8,2019
2019-08-29,7502,7773,100,36,2.06,64,112,63,76,56,20,3,29,8,2019
2019-08-30,7501,7772,100,74,1.87,26,50,67,80,57,23,4,30,8,2019
2019-08-30,7501,7772,74,20,2.82,54,69,67,80,57,23,4,30,8,2019
2019-08-30,7502,7774,100,90,1.57,10,23,67,80,57,23,4,30,8,2019
2019-08-30,7502,7774,90,55,2.42,35,52,67,80,57,23,4,30,8,2019
2019-08-30,7502,7774,55,28,1.8,27,54,67,80,57,23,4,30,8,2019
2019-09-03,7502,7771,100,40,1.96,60,110,72,80,61,19,1,3,9,2019
2019-09-03,7502,7771,40,6,2.5,34,49,72,80,61,19,1,3,9,2019
2019-09-03,7503,7772,100,72,2.02,28,50,72,80,61,19,1,3,9,2019
2019-09-03,7503,7772,72,20,2.71,52,69,72,80,61,19,1,3,9,2019
2019-09-04,7505,7771,100,45,1.8,55,110,77,86,69,17,2,4,9,2019
2019-09-04,7505,7771,45,7,2.79,38,49,77,86,69,17,2,4,9,2019
2019-09-04,7501,7772,100,74,1.87,26,50,77,86,69,17,2,4,9,2019
2019-09-04,7501,7772,74,18,2.92,56,69,77,86,69,17,2,4,9,2019
2019-09-04,7503,7774,100,92,1.25,8,23,77,86,69,17,2,4,9,2019
2019-09-04,7503,7774,92,57,2.42,35,52,77,86,69,17,2,4,9,2019
2019-09-04,7503,7774,57,22,2.33,35,54,77,86,69,17,2,4,9,2019
2019-09-04,7504,7773,100,41,2.5,59,85,77,86,69,17,2,4,9,2019
2019-09-05,7505,7771,100,53,1.54,47,110,67,76,57,19,3,5,9,2019
2019-09-05,7505,7771,53,20,2.42,33,49,67,76,57,19,3,5,9,2019
2019-09-05,7501,7772,100,77,1.66,23,50,67,76,57,19,3,5,9,2019
2019-09-05,7501,7772,77,29,2.5,48,69,67,76,57,19,3,5,9,2019
2019-09-05,7503,7774,100,91,1.41,9,23,67,76,57,19,3,5,9,2019
2019-09-05,7503,7774,91,60,2.15,31,52,67,76,57,19,3,5,9,2019
2019-09-05,7503,7774,60,30,2,30,54,67,76,57,19,3,5,9,2019
2019-09-06,7505,7771,100,48,1.7,52,110,65,77,54,23,4,6,9,2019
2019-09-06,7505,7771,48,14,2.5,34,49,65,77,54,23,4,6,9,2019
2019-09-06,7503,7772,100,74,1.87,26,50,65,77,54,23,4,6,9,2019
2019-09-06,7503,7772,74,20,2.82,54,69,65,77,54,23,4,6,9,2019
2019-09-06,7501,7774,100,91,1.41,9,23,65,77,54,23,4,6,9,2019
2019-09-06,7501,7774,91,55,2.49,36,52,65,77,54,23,4,6,9,2019
2019-09-06,7501,7774,55,25,2,30,54,65,77,54,23,4,6,9,2019
2019-09-06,7504,7773,100,50,2.12,50,85,65,77,54,23,4,6,9,2019
2019-09-09,7505,7771,100,47,1.73,53,110,60,69,54,15,0,9,9,2019
2019-09-09,7505,7771,47,11,2.64,36,49,60,69,54,15,0,9,9,2019
2019-09-09,7501,7772,100,75,1.8,25,50,60,69,54,15,0,9,9,2019
2019-09-09,7501,7772,75,18,2.97,57,69,60,69,54,15,0,9,9,2019
2019-09-09,7503,7774,100,90,1.57,10,23,60,69,54,15,0,9,9,2019
2019-09-10,7505,7771,100,48,1.7,52,110,60,68,53,15,1,10,9,2019
2019-09-10,7505,7771,48,15,2.42,33,49,60,68,53,15,1,10,9,2019
2019-09-10,7501,7772,100,77,1.66,23,50,60,68,53,15,1,10,9,2019
2019-09-10,7501,7772,77,22,2.87,55,69,60,68,53,15,1,10,9,2019
2019-09-10,7504,7773,100,44,2.37,56,85,60,68,53,15,1,10,9,2019
2019-09-11,7505,7771,100,33,2.19,67,110,69,80,57,23,2,11,9,2019
2019-09-11,7505,7771,33,3,2.7,30,40,69,80,57,23,2,11,9,2019
2019-09-11,7501,7772,100,76,1.73,24,50,69,80,57,23,2,11,9,2019
2019-09-11,7501,7772,76,20,2.92,56,69,69,80,57,23,2,11,9,2019
2019-09-11,7502,7774,100,91,1.41,9,23,69,80,57,23,2,11,9,2019
2019-09-11,7502,7774,91,53,2.63,38,52,69,80,57,23,2,11,9,2019
2019-09-11,7502,7774,53,20,2.2,33,54,69,80,57,23,2,11,9,2019
2019-09-12,7505,7773,100,45,2.33,55,85,78,89,67,22,3,12,9,2019
2019-09-13,7505,7772,100,77,1.66,23,50,82,92,75,17,4,13,9,2019
2019-09-13,7505,7772,77,12,3.39,65,69,82,92,75,17,4,13,9,2019
2019-09-13,7501,7774,100,90,1.57,10,23,82,92,75,17,4,13,9,2019
2019-09-13,7501,7774,90,50,2.77,40,52,82,92,75,17,4,13,9,2019
2019-09-13,7501,7774,50,12,2.53,38,54,82,92,75,17,4,13,9,2019
2019-09-20,7502,7772,100,77,1.66,23,50,67,77,59,18,4,20,9,2019
2019-09-20,7502,7772,77,30,2.45,47,69,67,77,59,18,4,20,9,2019
2019-09-23,7502,7772,100,78,1.58,22,50,70,79,56,23,0,23,9,2019
2019-09-23,7502,7772,78,23,2.87,55,69,70,79,56,23,0,23,9,2019
2019-09-23,7505,7774,100,90,1.57,10,23,70,79,56,23,0,23,9,2019
2019-09-23,7505,7774,90,52,2.63,38,52,70,79,56,23,0,23,9,2019
2019-09-23,7505,7774,52,20,2.13,32,54,70,79,56,23,0,23,9,2019
2019-09-24,7502,7772,100,76,1.73,24,50,80,89,70,19,1,24,9,2019
2019-09-24,7502,7772,76,16,3.13,60,69,80,89,70,19,1,24,9,2019
2019-09-25,7502,7772,100,75,1.8,25,50,82,91,73,18,2,25,9,2019
2019-09-25,7502,7772,75,35,2.09,40,69,82,91,73,18,2,25,9,2019
2019-09-25,7505,7773,100,70,2.16,30,50,82,91,73,18,2,25,9,2019
2019-09-26,7501,7771,100,50,1.64,50,110,70,78,60,18,3,26,9,2019
2019-09-26,7501,7771,50,9,3.01,41,49,70,78,60,18,3,26,9,2019
2019-09-26,7505,7772,100,75,1.8,25,50,70,78,60,18,3,26,9,2019
2019-09-26,7505,7772,75,40,1.8,35,70,70,78,60,18,3,26,9,2019
2019-09-26,7502,7774,100,92,1.25,8,23,70,78,60,18,3,26,9,2019
2019-09-26,7502,7774,92,55,2.51,37,53,70,78,60,18,3,26,9,2019
2019-09-26,7502,7774,55,20,2.38,35,53,70,78,60,18,3,26,9,2019
2019-09-27,7505,7772,100,78,1.58,22,50,60,70,50,20,4,27,9,2019
2019-09-27,7505,7772,78,45,1.7,33,70,60,70,50,20,4,27,9,2019
2019-09-27,7502,7774,100,91,1.41,9,23,60,70,50,20,4,27,9,2019
2019-09-27,7502,7774,91,59,2.17,32,53,60,70,50,20,4,27,9,2019
2019-09-27,7502,7774,59,27,2.17,32,53,60,70,50,20,4,27,9,2019
2019-09-27,7501,7773,88,38,2.12,50,85,60,70,50,20,4,27,9,2019
2019-09-30,7505,7771,100,44,1.83,56,110,50,59,45,14,0,30,9,2019
2019-09-30,7505,7771,44,11,2.42,33,49,50,59,45,14,0,30,9,2019
2019-09-30,7501,7774,100,90,1.57,10,23,50,59,45,14,0,30,9,2019
2019-09-30,7501,7774,90,58,2.17,32,53,50,59,45,14,0,30,9,2019
2019-09-30,7501,7774,58,22,2.45,36,53,50,59,45,14,0,30,9,2019
2019-10-02,7505,7771,100,43,1.87,57,110,61,70,54,16,2,2,10,2019
2019-10-02,7505,7771,43,13,2.2,30,49,61,70,54,16,2,2,10,2019
2019-10-02,7501,7774,100,88,1.88,12,23,61,70,54,16,2,2,10,2019
2019-10-02,7501,7774,88,52,2.45,36,53,61,70,54,16,2,2,10,2019
2019-10-02,7501,7774,52,22,2.04,30,53,61,70,54,16,2,2,10,2019
2019-10-03,7501,7772,100,80,2.4,20,30,57,67,48,19,3,3,10,2019
2019-10-03,7501,7772,80,30,2.57,50,70,57,67,48,19,3,3,10,2019
2019-10-03,7505,7774,100,88,1.88,12,23,57,67,48,19,3,3,10,2019
2019-10-03,7505,7774,88,60,1.9,28,53,57,67,48,19,3,3,10,2019
2019-10-03,7505,7774,60,29,2.11,31,53,57,67,48,19,3,3,10,2019
2019-10-04,7505,7772,100,70,2.16,30,50,58,68,47,21,4,4,10,2019
2019-10-04,7505,7772,70,23,2.42,47,70,58,68,47,21,4,4,10,2019
2019-10-04,7501,7774,100,85,2.35,15,23,58,68,47,21,4,4,10,2019
2019-10-04,7501,7774,85,58,1.83,27,53,58,68,47,21,4,4,10,2019
2019-10-04,7501,7774,58,11,3.19,47,53,58,68,47,21,4,4,10,2019
2019-10-07,7505,7772,100,78,1.58,22,50,76,85,69,16,0,7,10,2019
2019-10-07,7505,7772,78,24,2.78,54,70,76,85,69,16,0,7,10,2019
2019-10-07,7501,7774,100,89,1.72,11,23,76,85,69,16,0,7,10,2019
2019-10-07,7501,7774,89,52,2.51,37,53,76,85,69,16,0,7,10,2019
2019-10-07,7501,7774,52,24,1.9,28,53,76,85,69,16,0,7,10,2019
2019-10-08,7505,7771,100,50,1.64,50,110,73,83,62,21,1,8,10,2019
2019-10-08,7505,7771,50,22,2.06,28,49,73,83,62,21,1,8,10,2019
2019-10-08,7504,7772,100,76,1.73,24,50,73,83,62,21,1,8,10,2019
2019-10-08,7504,7772,76,23,2.73,53,70,73,83,62,21,1,8,10,2019
2019-10-08,7502,7774,100,87,2.03,13,23,73,83,62,21,1,8,10,2019
2019-10-08,7502,7774,87,50,2.51,37,53,73,83,62,21,1,8,10,2019
2019-10-08,7502,7774,50,24,1.77,26,53,73,83,62,21,1,8,10,2019
2019-10-08,7501,7773,100,45,2.33,55,85,73,83,62,21,1,8,10,2019
2019-10-15,7501,7771,100,34,2.16,66,110,67,75,60,15,1,15,10,2019
2019-10-15,7501,7771,34,10,1.73,24,50,67,75,60,15,1,15,10,2019
2019-10-15,7502,7772,100,71,2.09,29,50,67,75,60,15,1,15,10,2019
2019-10-15,7502,7772,71,30,2.11,41,70,67,75,60,15,1,15,10,2019
2019-10-16,7502,7772,100,72,2.02,28,50,61,69,53,16,2,16,10,2019
2019-10-16,7502,7772,72,30,2.16,42,70,61,69,53,16,2,16,10,2019
2019-10-16,7505,7774,97,83,2.19,14,23,61,69,53,16,2,16,10,2019
2019-10-16,7505,7774,83,48,2.38,35,53,61,69,53,16,2,16,10,2019
2019-10-16,7505,7774,48,22,1.77,26,53,61,69,53,16,2,16,10,2019
2019-10-17,7501,7772,100,75,1.8,25,50,53,62,48,14,3,17,10,2019
2019-10-17,7501,7772,75,32,2.21,43,70,53,62,48,14,3,17,10,2019
2019-10-17,7502,7774,100,88,1.88,12,23,53,62,48,14,3,17,10,2019
2019-10-17,7502,7774,88,58,2.04,30,53,53,62,48,14,3,17,10,2019
2019-10-17,7502,7774,58,25,2.24,33,53,53,62,48,14,3,17,10,2019
2019-10-17,7504,7773,100,60,1.69,40,85,53,62,48,14,3,17,10,2019
2019-10-18,7501,7772,100,75,1.8,25,50,53,64,47,17,4,18,10,2019
2019-10-18,7501,7772,75,25,2.61,50,69,53,64,47,17,4,18,10,2019
2019-10-18,7502,7774,100,88,1.88,12,23,53,64,47,17,4,18,10,2019
2019-10-18,7502,7774,88,56,2.17,32,53,53,64,47,17,4,18,10,2019
2019-10-18,7502,7774,56,31,1.7,25,53,53,64,47,17,4,18,10,2019
2019-10-18,7504,7773,100,60,1.69,40,85,53,64,47,17,4,18,10,2019
2019-10-21,7501,7771,100,45,1.8,55,110,70,77,60,17,0,21,10,2019
2019-10-21,7501,7771,46,16,2.2,30,49,70,77,60,17,0,21,10,2019
2019-10-21,7502,7772,100,71,2.09,29,50,70,77,60,17,0,21,10,2019
2019-10-21,7502,7772,71,24,2.45,47,69,70,77,60,17,0,21,10,2019
2019-10-22,7501,7771,100,46,1.77,54,110,74,81,68,13,1,22,10,2019
2019-10-22,7501,7771,46,15,2.28,31,49,74,81,68,13,1,22,10,2019
2019-10-22,7502,7772,100,72,2.02,28,50,74,81,68,13,1,22,10,2019
2019-10-22,7502,7772,72,27,2.35,45,69,74,81,68,13,1,22,10,2019
2019-10-23,7501,7771,100,50,1.64,50,110,72,78,67,11,2,23,10,2019
2019-10-23,7501,7771,50,22,2.06,28,49,72,78,67,11,2,23,10,2019
2019-10-23,7502,7772,100,78,1.58,22,50,72,78,67,11,2,23,10,2019
2019-10-23,7502,7772,78,32,2.4,46,69,72,78,67,11,2,23,10,2019
2019-10-24,7501,7773,98,46,2.2,52,85,73,84,64,20,3,24,10,2019
2019-10-25,7501,7772,100,73,1.94,27,50,77,86,69,17,4,25,10,2019
2019-10-25,7501,7772,73,24,2.56,49,69,77,86,69,17,4,25,10,2019
2019-10-28,7501,7771,100,48,1.7,52,110,56,66,48,18,0,28,10,2019
2019-10-28,7501,7771,48,21,1.98,27,49,56,66,48,18,0,28,10,2019
2019-10-28,7502,7772,100,72,2.02,28,50,56,66,48,18,0,28,10,2019
2019-10-28,7502,7772,72,25,2.42,47,70,56,66,48,18,0,28,10,2019
2019-10-29,7501,7771,100,39,2,61,110,56,64,51,13,1,29,10,2019
2019-10-29,7501,7771,39,11,2.06,28,49,56,64,51,13,1,29,10,2019
2019-10-29,7502,7772,100,72,2.02,28,50,56,64,51,13,1,29,10,2019
2019-10-29,7502,7772,72,28,2.26,44,70,56,64,51,13,1,29,10,2019
2019-10-29,7503,7774,100,87,2.03,13,23,56,64,51,13,1,29,10,2019
2019-10-29,7503,7774,87,47,2.72,40,53,56,64,51,13,1,29,10,2019
2019-10-29,7503,7774,47,22,1.7,25,53,56,64,51,13,1,29,10,2019
2019-10-30,7501,7771,100,41,1.93,59,110,55,64,44,20,2,30,10,2019
2019-10-30,7501,7771,41,10,2.23,31,50,55,64,44,20,2,30,10,2019
2019-10-30,7502,7772,100,74,1.87,26,50,55,64,44,20,2,30,10,2019
2019-10-30,7502,7772,74,33,2.11,41,70,55,64,44,20,2,30,10,2019
2019-10-30,7503,7774,100,87,2.03,13,23,55,64,44,20,2,30,10,2019
2019-10-30,7503,7774,85,50,2.38,35,53,55,64,44,20,2,30,10,2019
2019-10-30,7503,7774,50,21,1.97,29,53,55,64,44,20,2,30,10,2019
2019-10-31,7502,7772,100,70,2.16,30,50,58,67,51,16,3,31,10,2019
2019-10-31,7502,7772,70,30,2.06,40,70,58,67,51,16,3,31,10,2019
2019-10-31,7503,7774,100,88,1.88,12,23,58,67,51,16,3,31,10,2019
2019-10-31,7503,7774,88,53,2.38,35,53,58,67,51,16,3,31,10,2019
2019-10-31,7503,7774,53,23,2.04,30,53,58,67,51,16,3,31,10,2019
2019-10-31,7501,7773,100,58,1.78,42,85,58,67,51,16,3,31,10,2019
2019-11-01,7502,7772,100,70,2.16,30,50,62,71,55,16,4,1,11,2019
2019-11-01,7502,7772,70,31,2.01,39,70,62,71,55,16,4,1,11,2019
2019-11-01,7503,7774,100,88,1.88,12,23,62,71,55,16,4,1,11,2019
2019-11-01,7503,7774,88,53,2.38,35,53,62,71,55,16,4,1,11,2019
2019-11-01,7503,7774,53,27,1.77,26,53,62,71,55,16,4,1,11,2019
2019-11-01,7501,7773,100,57,1.82,43,85,62,71,55,16,4,1,11,2019
2019-11-04,7501,7771,100,42,1.9,58,110,68,76,64,12,0,4,11,2019
2019-11-04,7501,7771,42,8,2.5,34,49,68,76,64,12,0,4,11,2019
2019-11-04,7502,7772,100,68,2.3,32,50,68,76,64,12,0,4,11,2019
2019-11-04,7502,7772,68,24,2.26,44,70,68,76,64,12,0,4,11,2019
2019-11-04,7503,7774,100,87,2.03,13,23,68,76,64,12,0,4,11,2019
2019-11-04,7503,7774,87,52,2.38,35,53,68,76,64,12,0,4,11,2019
2019-11-04,7503,7774,52,23,1.97,29,53,68,76,64,12,0,4,11,2019
2019-11-04,7504,7773,100,59,1.74,41,85,68,76,64,12,0,4,11,2019
2019-11-05,7501,7771,100,57,1.94,43,80,67,76,62,14,1,5,11,2019
2019-11-05,7502,7772,100,72,2.02,28,50,67,76,62,14,1,5,11,2019
2019-11-05,7502,7772,72,30,2.16,42,70,67,76,62,14,1,5,11,2019
2019-11-05,7504,7774,100,88,1.88,12,23,67,76,62,14,1,5,11,2019
2019-11-05,7504,7774,88,58,2.04,30,53,67,76,62,14,1,5,11,2019
2019-11-05,7504,7774,58,33,1.7,25,53,67,76,62,14,1,5,11,2019
2019-11-05,7503,7773,100,57,1.82,43,85,67,76,62,14,1,5,11,2019
2019-11-06,7501,7771,100,42,1.9,58,110,66,73,61,12,2,6,11,2019
2019-11-06,7501,7771,42,15,1.98,27,49,66,73,61,12,2,6,11,2019
2019-11-06,7504,7772,100,75,1.8,25,50,66,73,61,12,2,6,11,2019
2019-11-06,7504,7772,75,37,1.95,38,70,66,73,61,12,2,6,11,2019
2019-11-06,7503,7774,100,88,1.88,12,23,66,73,61,12,2,6,11,2019
2019-11-06,7503,7774,88,51,2.51,37,53,66,73,61,12,2,6,11,2019
2019-11-06,7503,7774,51,20,2.11,31,53,66,73,61,12,2,6,11,2019
2019-11-06,7502,7773,85,40,1.91,45,85,66,73,61,12,2,6,11,2019
2019-11-07,7502,7772,100,71,2.09,29,50,67,75,58,17,3,7,11,2019
2019-11-07,7502,7772,71,30,2.11,41,70,67,75,58,17,3,7,11,2019
2019-11-07,7504,7774,100,88,1.88,12,23,67,75,58,17,3,7,11,2019
2019-11-07,7504,7774,88,50,2.58,38,53,67,75,58,17,3,7,11,2019
2019-11-07,7504,7774,50,21,1.97,29,53,67,75,58,17,3,7,11,2019
2019-11-07,7503,7773,65,21,1.86,44,85,67,75,58,17,3,7,11,2019
2019-11-08,7501,7771,100,48,1.7,52,110,69,75,63,12,4,8,11,2019
2019-11-08,7501,7771,48,21,1.98,27,49,69,75,63,12,4,8,11,2019
2019-11-08,7504,7772,86,59,1.94,27,50,69,75,63,12,4,8,11,2019
2019-11-08,7504,7772,59,20,2.01,39,70,69,75,63,12,4,8,11,2019
2019-11-11,7501,7771,100,40,1.96,60,110,67,75,60,15,0,11,11,2019
2019-11-11,7501,7771,40,16,1.76,24,49,67,75,60,15,0,11,11,2019
2019-11-11,7504,7772,100,69,2.23,31,50,67,75,60,15,0,11,11,2019
2019-11-11,7504,7772,69,24,2.31,45,70,67,75,60,15,0,11,11,2019
2019-11-12,7501,7771,100,50,2.17,50,83,69,76,63,13,1,12,11,2019
2019-11-12,7501,7771,50,25,1.84,25,49,69,76,63,13,1,12,11,2019
2019-11-12,7504,7772,100,75,1.8,25,50,69,76,63,13,1,12,11,2019
2019-11-12,7504,7772,75,37,1.95,38,70,69,76,63,13,1,12,11,2019
2019-11-12,7503,7774,100,89,1.72,11,23,69,76,63,13,1,12,11,2019
2019-11-12,7503,7774,89,53,2.45,36,53,69,76,63,13,1,12,11,2019
2019-11-12,7503,7774,53,29,1.63,24,53,69,76,63,13,1,12,11,2019
2019-11-13,7501,7771,100,39,2,61,110,63,72,48,24,2,13,11,2019
2019-11-13,7501,7771,39,14,1.84,25,49,63,72,48,24,2,13,11,2019
2019-11-13,7503,7772,100,74,1.87,26,50,63,72,48,24,2,13,11,2019
2019-11-13,7503,7772,74,35,2.01,39,70,63,72,48,24,2,13,11,2019
2019-11-13,7504,7774,100,88,1.88,12,23,63,72,48,24,2,13,11,2019
2019-11-13,7504,7774,88,55,2.24,33,53,63,72,48,24,2,13,11,2019
2019-11-13,7504,7774,53,29,1.63,24,53,63,72,48,24,2,13,11,2019
2019-11-14,7503,7772,100,74,1.87,26,50,51,58,46,12,3,14,11,2019
2019-11-14,7503,7772,74,36,1.95,38,70,51,58,46,12,3,14,11,2019
2019-11-14,7504,7774,100,89,1.72,11,23,51,58,46,12,3,14,11,2019
2019-11-14,7504,7774,89,60,1.97,29,53,51,58,46,12,3,14,11,2019
2019-11-14,7504,7774,60,33,1.83,27,53,51,58,46,12,3,14,11,2019
2019-11-15,7504,7772,100,78,1.58,22,50,54,62,48,14,4,15,11,2019
2019-11-15,7504,7772,78,40,1.95,38,70,54,62,48,14,4,15,11,2019
2019-11-15,7503,7774,100,88,1.88,12,23,54,62,48,14,4,15,11,2019
2019-11-15,7503,7774,88,61,1.83,27,53,54,62,48,14,4,15,11,2019
2019-11-15,7503,7774,61,36,1.7,25,53,54,62,48,14,4,15,11,2019
2019-11-15,7501,7773,85,35,2.12,50,85,54,62,48,14,4,15,11,2019
2019-11-18,7503,7772,100,71,2.03,29,50,68,76,62,14,0,18,11,2019
2019-11-18,7503,7772,71,34,1.9,37,70,68,76,62,14,0,18,11,2019
2019-11-18,7501,7774,100,87,2.03,13,23,68,76,62,14,0,18,11,2019
2019-11-18,7501,7774,87,56,2.11,31,53,68,76,62,14,0,18,11,2019
2019-11-18,7501,7774,56,28,1.9,28,53,68,76,62,14,0,18,11,2019
2019-11-19,7501,7771,100,50,1.64,50,110,51,61,46,15,1,19,11,2019
2019-11-19,7501,7771,50,24,1.91,26,49,51,61,46,15,1,19,11,2019
2019-11-19,7503,7774,100,90,1.87,10,23,51,61,46,15,1,19,11,2019
2019-11-20,7501,7771,100,49,1.87,51,110,53,60,45,15,2,20,11,2019
2019-11-20,7501,7771,49,21,2.06,28,49,53,60,45,15,2,20,11,2019
2019-11-20,7504,7774,100,88,1.88,12,23,53,60,45,15,2,20,11,2019
2019-11-20,7504,7774,88,62,1.77,26,53,53,60,45,15,2,20,11,2019
2019-11-20,7504,7774,62,34,1.9,28,53,53,60,45,15,2,20,11,2019
2019-11-21,7501,7772,98,67,2.23,31,50,51,58,46,12,3,21,11,2019
2019-11-21,7501,7772,67,27,2.06,40,70,51,58,46,12,3,21,11,2019
2019-11-21,7504,7774,100,87,2.03,13,23,51,58,46,12,3,21,11,2019
2019-11-21,7504,7774,87,53,2.31,34,53,51,58,46,12,3,21,11,2019
2019-11-21,7504,7774,53,26,1.83,27,53,51,58,46,12,3,21,11,2019
2019-11-22,7504,7774,85,74,1.72,11,23,53,62,47,15,4,22,11,2019
2019-11-22,7504,7774,74,42,2.17,32,53,53,62,47,15,4,22,11,2019
2019-11-22,7504,7774,42,17,1.7,25,53,53,62,47,15,4,22,11,2019
2019-11-22,7501,7773,87,43,1.86,44,85,53,62,47,15,4,22,11,2019
2019-11-25,7501,7771,100,42,1.9,58,110,51,55,46,9,0,25,11,2019
2019-11-25,7501,7771,42,11,2.26,31,49,51,55,46,9,0,25,11,2019
2019-11-25,7504,7774,100,87,2.03,13,23,51,55,46,9,0,25,11,2019
2019-11-25,7504,7774,87,50,2.51,37,53,51,55,46,9,0,25,11,2019
2019-11-25,7504,7774,50,26,1.63,24,53,51,55,46,9,0,25,11,2019
2019-11-26,7501,7771,100,26,2.42,74,113,43,49,38,11,1,26,11,2019
2019-11-26,7504,7772,100,65,2.52,35,50,43,49,38,11,1,26,11,2019
2019-11-26,7504,7772,65,13,2.67,52,70,43,49,38,11,1,26,11,2019
2019-11-27,7501,7771,100,35,2.13,65,110,37,44,35,9,2,27,11,2019
2019-11-27,7501,7771,35,6,2.13,29,49,37,44,35,9,2,27,11,2019
2019-11-27,7504,7774,100,85,2.35,15,23,37,44,35,9,2,27,11,2019
2019-11-27,7504,7774,85,39,3.12,46,53,37,44,35,9,2,27,11,2019
2019-12-02,7501,7773,97,45,2.2,52,85,54,57,51,6,0,2,12,2019
2019-12-03,7501,7771,100,44,1.83,56,110,53,58,47,11,1,3,12,2019
2019-12-03,7501,7771,44,17,1.98,27,49,53,58,47,11,1,3,12,2019
2019-12-03,7503,7772,93,63,2.16,30,50,53,58,47,11,1,3,12,2019
2019-12-03,7503,7772,63,23,2.06,40,70,53,58,47,11,1,3,12,2019
2019-12-05,7503,7772,100,70,2.16,30,50,52,57,48,9,3,5,12,2019
2019-12-05,7503,7772,70,30,2.06,40,70,52,57,48,9,3,5,12,2019
2019-12-05,7501,7773,100,53,1.99,47,85,52,57,48,9,3,5,12,2019
2019-12-06,7504,7774,100,88,1.88,12,23,54,59,50,9,4,6,12,2019
2019-12-06,7504,7774,88,58,2.04,30,53,54,59,50,9,4,6,12,2019
2019-12-06,7504,7774,58,29,1.97,29,53,54,59,50,9,4,6,12,2019
2019-12-09,7501,7771,100,29,2.13,71,120,47,53,44,9,0,9,12,2019
2019-12-09,7504,7774,100,86,2.19,14,23,47,53,44,9,0,9,12,2019
2019-12-09,7504,7774,86,52,2.31,34,53,47,53,44,9,0,9,12,2019
2019-12-09,7504,7774,52,23,1.97,29,53,47,53,44,9,0,9,12,2019
2019-12-11,7501,7771,100,36,2.09,64,110,54,57,47,10,2,11,12,2019
2019-12-11,7501,7771,36,8,2.06,28,49,54,57,47,10,2,11,12,2019
2019-12-11,7502,7772,100,70,2.16,30,50,54,57,47,10,2,11,12,2019
2019-12-11,7502,7772,70,30,1.06,40,70,54,57,47,10,2,11,12,2019
2019-12-11,7504,7774,100,88,1.88,12,23,54,57,47,10,2,11,12,2019
2019-12-11,7504,7774,88,55,2.24,33,53,54,57,47,10,2,11,12,2019
2019-12-11,7504,7774,55,25,2.04,30,53,54,57,47,10,2,11,12,2019
2019-12-12,7501,7771,100,44,1.83,56,110,57,61,52,9,3,12,12,2019
2019-12-12,7501,7771,44,11,2.42,33,49,57,61,52,9,3,12,12,2019
2019-12-12,7502,7772,100,77,1.66,23,50,57,61,52,9,3,12,12,2019
2019-12-12,7502,7772,77,38,2.01,39,70,57,61,52,9,3,12,12,2019
2019-12-12,7504,7774,100,90,1.57,10,23,57,61,52,9,3,12,12,2019
2019-12-12,7504,7774,90,56,2.31,34,53,57,61,52,9,3,12,12,2019
2019-12-12,7504,7774,56,26,2.04,30,53,57,61,52,9,3,12,12,2019
2019-12-13,7501,7771,100,44,1.83,56,110,52,56,49,7,4,13,12,2019
2019-12-13,7501,7771,44,13,2.28,31,49,52,56,49,7,4,13,12,2019
2019-12-13,7502,7772,100,75,1.8,25,50,52,56,49,7,4,13,12,2019
2019-12-13,7502,7772,75,37,1.95,38,70,52,56,49,7,4,13,12,2019
2019-12-13,7504,7774,100,87,2.03,13,23,52,56,49,7,4,13,12,2019
2019-12-13,7504,7774,87,53,2.31,34,53,52,56,49,7,4,13,12,2019
2019-12-13,7504,7774,53,28,1.7,25,53,52,56,49,7,4,13,12,2019
2019-12-16,7504,7772,100,70,2.16,30,50,45,52,40,12,0,16,12,2019
2019-12-16,7504,7772,70,21,2.52,49,70,45,52,40,12,0,16,12,2019
2019-12-16,7501,7774,100,90,1.57,10,23,45,52,40,12,0,16,12,2019
2019-12-16,7501,7774,90,50,2.72,40,53,45,52,40,12,0,16,12,2019
2019-12-16,7501,7774,50,16,2.31,34,53,45,52,40,12,0,16,12,2019
2019-12-18,7504,7772,100,70,2.16,30,50,47,49,45,4,2,18,12,2019
2019-12-18,7504,7772,70,23,2.42,47,70,47,49,45,4,2,18,12,2019
2019-12-18,7502,7774,100,86,2.19,14,23,47,49,45,4,2,18,12,2019
2019-12-18,7502,7774,86,53,2.24,33,53,47,49,45,4,2,18,12,2019
2019-12-18,7502,7774,53,23,2.04,30,53,47,49,45,4,2,18,12,2019
2020-01-06,7505,7771,99,65,2.04,34,60,50,56,44,12,0,6,1,2020
2020-01-06,7504,7774,99,47,1.82,52,103,50,56,44,12,0,6,1,2020
2020-01-06,7504,7774,47,13,1.63,34,75,50,56,44,12,0,6,1,2020
2020-01-07,7505,7773,100,71,2.09,29,50,49,59,42,17,1,7,1,2020
2020-01-07,7505,7773,71,20,1.95,51,94,49,59,42,17,1,7,1,2020
2020-01-07,7504,7774,98,45,1.85,53,103,49,59,42,17,1,7,1,2020
2020-01-07,7504,7774,45,10,1.68,35,75,49,59,42,17,1,7,1,2020
2020-01-08,7505,7773,98,72,1.87,26,50,44,47,41,6,2,8,1,2020
2020-01-08,7505,7773,72,21,1.93,51,95,44,47,41,6,2,8,1,2020
2020-01-08,7502,7774,99,50,1.71,49,103,44,47,41,6,2,8,1,2020
2020-01-08,7502,7774,50,15,1.7,35,74,44,47,41,6,2,8,1,2020
2020-01-09,7505,7773,99,71,2.02,28,50,43,45,41,4,3,9,1,2020
2020-01-09,7505,7773,71,11,2.27,60,95,43,45,41,4,3,9,1,2020
2020-01-10,7505,7773,100,72,2.02,28,50,46,54,40,14,4,10,1,2020
2020-01-10,7505,7773,72,17,2.08,55,95,46,54,40,14,4,10,1,2020
2020-01-24,7502,7773,97,70,1.94,27,50,54,60,48,12,4,24,1,2020
2020-01-24,7502,7773,70,17,2.03,53,94,54,60,48,12,4,24,1,2020
2020-01-30,7504,7773,100,74,1.87,26,50,52,59,49,10,3,30,1,2020
2020-01-30,7504,7773,74,19,2.11,55,94,52,59,49,10,3,30,1,2020
2020-01-30,7505,7772,100,43,2.05,57,100,52,59,49,10,3,30,1,2020
2020-01-30,7505,7772,43,32,1.98,11,20,52,59,49,10,3,30,1,2020
2020-01-30,7505,7772,32,9,1.73,23,48,52,59,49,10,3,30,1,2020
2020-01-31,7504,7773,100,75,1.8,25,50,57,65,51,14,4,31,1,2020
2020-01-31,7504,7773,75,24,1.95,51,94,57,65,51,14,4,31,1,2020
2020-01-31,7505,7772,100,44,2.02,56,100,57,65,51,14,4,31,1,2020
2020-01-31,7505,7772,44,33,1.98,11,20,57,65,51,14,4,31,1,2020
2020-01-31,7505,7772,33,11,1.65,22,48,57,65,51,14,4,31,1,2020
2020-02-04,7504,7773,99,74,1.8,25,50,42,47,37,10,1,4,2,2020
2020-02-04,7504,7773,74,17,2.18,57,94,42,47,37,10,1,4,2,2020
2020-02-04,7502,7772,100,35,2.34,65,100,42,47,37,10,1,4,2,2020
2020-02-04,7502,7772,35,26,1.62,9,20,42,47,37,10,1,4,2,2020
2020-02-04,7501,7774,100,47,1.85,53,103,42,47,37,10,1,4,2,2020
2020-02-04,7501,7774,47,10,1.8,37,74,42,47,37,10,1,4,2,2020
2020-02-06,7504,7773,94,69,1.8,25,50,56,65,48,17,3,6,2,2020
2020-02-06,7504,7773,69,20,1.88,49,94,56,65,48,17,3,6,2,2020
2020-02-06,7502,7772,97,28,2.48,69,100,56,65,48,17,3,6,2,2020
2020-02-06,7501,7774,100,42,2.03,58,103,56,65,48,17,3,6,2,2020
2020-02-06,7501,7774,42,8,1.65,34,74,56,65,48,17,3,6,2,2020
2020-02-07,7505,7773,100,75,1.8,25,50,58,65,52,13,4,7,2,2020
2020-02-07,7505,7773,75,25,1.91,50,94,58,65,52,13,4,7,2,2020
2020-02-07,7502,7772,100,41,2.12,59,100,58,65,52,13,4,7,2,2020
2020-02-07,7502,7772,41,29,2.16,12,20,58,65,52,13,4,7,2,2020
2020-02-07,7502,7772,29,5,1.76,24,49,58,65,52,13,4,7,2,2020
2020-02-10,7505,7773,99,76,1.66,23,50,56,63,48,15,0,10,2,2020
2020-02-10,7505,7773,76,29,1.8,47,94,56,63,48,15,0,10,2,2020
2020-02-10,7502,7772,99,45,1.94,54,100,56,63,48,15,0,10,2,2020
2020-02-10,7502,7772,45,31,2.52,14,20,56,63,48,15,0,10,2,2020
2020-02-10,7502,7772,31,9,1.65,22,48,56,63,48,15,0,10,2,2020
2020-02-10,7504,7774,100,54,1.61,46,103,56,63,48,15,0,10,2,2020
2020-02-10,7504,7774,54,19,1.7,35,74,56,63,48,15,0,10,2,2020
2020-02-11,7505,7773,100,78,1.58,22,50,58,63,53,10,1,11,2,2020
2020-02-11,7505,7773,78,34,1.69,44,94,58,63,53,10,1,11,2,2020
2020-02-11,7502,7772,100,43,2.05,57,100,58,63,53,10,1,11,2,2020
2020-02-11,7502,7772,43,32,1.98,11,20,58,63,53,10,1,11,2,2020
2020-02-11,7502,7772,32,9,1.73,23,48,58,63,53,10,1,11,2,2020
2020-02-11,7504,7774,100,53,1.64,47,103,58,63,53,10,1,11,2,2020
2020-02-11,7504,7774,53,17,1.75,36,74,58,63,53,10,1,11,2,2020
2020-02-12,7505,7773,100,78,1.58,22,50,58,63,52,11,2,12,2,2020
2020-02-12,7505,7773,78,33,1.72,45,94,58,63,52,11,2,12,2,2020
2020-02-12,7502,7772,100,39,2.2,61,100,58,63,52,11,2,12,2,2020
2020-02-12,7502,7772,39,30,1.62,9,20,58,63,52,11,2,12,2,2020
2020-02-12,7502,7772,30,4,1.95,26,48,58,63,52,11,2,12,2,2020
2020-02-12,7504,7774,100,51,1.71,49,103,58,63,52,11,2,12,2,2020
2020-02-12,7504,7774,51,15,1.75,36,74,58,63,52,11,2,12,2,2020
2020-02-25,7502,7776,100,75,1.96,25,46,62,70,55,15,1,25,2,2020
2020-02-25,7502,7775,75,35,2.18,40,66,62,70,55,15,1,25,2,2020
2020-02-25,7505,7774,99,47,1.82,52,103,62,70,55,15,1,25,2,2020
2020-02-25,7505,7774,47,16,1.51,31,74,62,70,55,15,1,25,2,2020
2020-03-02,7505,7773,100,75,1.8,25,50,53,61,44,17,0,2,3,2020
2020-03-02,7505,7773,75,30,1.72,45,94,53,61,44,17,0,2,3,2020
2020-03-02,7504,7776/7776,98,74,1.8,24,48,53,61,44,17,0,2,3,2020
2020-03-02,7504,7776/7777,72,37,1.91,35,66,53,61,44,17,0,2,3,2020
2020-03-02,7502,7774,100,53,1.64,47,103,53,61,44,17,0,2,3,2020
2020-03-02,7502,7774,53,19,1.65,34,74,53,61,44,17,0,2,3,2020
2020-03-03,7505,7773,100,77,1.66,23,50,61,70,52,18,1,3,3,2020
2020-03-03,7505,7773,77,29,1.84,48,94,61,70,52,18,1,3,3,2020
2020-03-03,7504,7776/7776,99,80,1.49,19,46,61,70,52,18,1,3,3,2020
2020-03-03,7504,7776/7777,80,42,2.01,38,68,61,70,52,18,1,3,3,2020
2020-03-03,7502,7774,100,50,1.75,50,103,61,70,52,18,1,3,3,2020
2020-03-03,7502,7774,50,12,1.85,38,74,61,70,52,18,1,3,3,2020
2020-03-05,7505,7773,100,77,1.66,23,50,55,62,46,16,3,5,3,2020
2020-03-05,7502,7776/7776,97,74,1.73,23,48,55,62,46,16,3,5,3,2020
2020-03-05,7502,7776/7777,74,39,1.91,35,66,55,62,46,16,3,5,3,2020
2020-03-10,7505,7773,100,78,1.58,22,50,56,62,49,13,1,10,3,2020
2020-03-10,7505,7773,78,29,1.88,49,94,56,62,49,13,1,10,3,2020
2020-03-10,7504,7776/7776,100,77,1.73,23,48,56,62,49,13,1,10,3,2020
2020-03-10,7504,7776/7777,77,43,1.85,34,66,56,62,49,13,1,10,3,2020
2020-03-10,7502,7774,100,54,1.61,46,103,56,62,49,13,1,10,3,2020
2020-03-10,7502,7774,54,14,1.95,40,74,56,62,49,13,1,10,3,2020
2020-03-11,7505,7773,100,81,1.37,19,50,56,63,49,14,2,11,3,2020
2020-03-11,7505,7773,81,34,1.8,47,94,56,63,49,14,2,11,3,2020
2020-03-11,7504,7776/7776,100,78,1.65,22,48,56,63,49,14,2,11,3,2020
2020-03-11,7504,7776/7777,78,42,1.96,36,66,56,63,49,14,2,11,3,2020
2020-03-11,7502,7774,100,54,1.61,46,103,56,63,49,14,2,11,3,2020
2020-03-11,7502,7774,54,15,1.9,39,74,56,63,49,14,2,11,3,2020
2020-03-12,7505,7773,98,73,1.8,25,50,59,66,51,15,3,12,3,2020
2020-03-12,7505,7773,73,22,1.95,51,94,59,66,51,15,3,12,3,2020
2020-03-12,7504,7776/7776,99,74,1.88,25,48,59,66,51,15,3,12,3,2020
2020-03-12,7504,7776/7777,74,38,1.96,36,66,59,66,51,15,3,12,3,2020
2020-03-12,7502,7774,96,48,1.68,48,103,59,66,51,15,3,12,3,2020
2020-03-12,7502,7774,48,8,1.95,40,74,59,66,51,15,3,12,3,2020
2020-03-13,7505,7773,99,79,1.44,20,50,52,57,44,13,4,13,3,2020
2020-03-13,7505,7773,79,34,1.72,45,94,52,57,44,13,4,13,3,2020
2020-03-13,7504,7776/7776,100,84,1.25,16,46,52,57,44,13,4,13,3,2020
2020-03-13,7504,7776/7777,84,56,1.53,28,66,52,57,44,13,4,13,3,2020
2020-03-13,7502,7774,100,57,1.5,43,103,52,57,44,13,4,13,3,2020
2020-03-13,7502,7774,57,20,1.8,37,74,52,57,44,13,4,13,3,2020
2020-03-16,7505,7773,100,73,1.94,27,50,39,47,35,12,0,16,3,2020
2020-03-16,7505,7773,73,21,1.99,52,94,39,47,35,12,0,16,3,2020
2020-03-16,7504,7776/7776,100,77,1.8,23,46,39,47,35,12,0,16,3,2020
2020-03-16,7504,7776/7777,77,33,2.4,44,66,39,47,35,12,0,16,3,2020
2020-03-16,7502,7774,100,50,1.75,50,103,39,47,35,12,0,16,3,2020
2020-03-16,7502,7774,50,5,2.19,45,74,39,47,35,12,0,16,3,2020
2020-03-17,7505,7773,100,63,2.66,37,50,40,47,36,11,1,17,3,2020
2020-03-17,7505,7773,63,5,2.22,58,94,40,47,36,11,1,17,3,2020
2020-03-17,7502,7776/7776,99,77,1.72,22,46,40,47,36,11,1,17,3,2020
2020-03-17,7502,7776/7777,77,37,2.18,40,66,40,47,36,11,1,17,3,2020
2020-03-17,7504,7774,100,51,1.71,49,103,40,47,36,11,1,17,3,2020
2020-03-17,7504,7774,51,10,1.99,41,74,40,47,36,11,1,17,3,2020
2020-03-18,7505,7773,100,77,1.66,23,50,42,46,39,7,2,18,3,2020
2020-03-18,7505,7773,77,24,2.03,53,94,42,46,39,7,2,18,3,2020
2020-03-18,7504,7774,100,50,1.75,50,103,42,46,39,7,2,18,3,2020
2020-03-18,7504,7774,50,12,1.85,38,74,42,46,39,7,2,18,3,2020
2020-03-19,7505,7773,100,75,1.8,25,50,44,50,40,10,3,19,3,2020
2020-03-19,7502,7774,100,54,1.61,46,103,44,50,40,10,3,19,3,2020
2020-03-19,7502,7774,54,17,1.8,37,74,44,50,40,10,3,19,3,2020
2020-03-20,7504,7776/7776,97,78,1.49,19,46,47,55,41,14,4,20,3,2020
2020-03-20,7504,7776/7777,78,47,1.69,31,66,47,55,41,14,4,20,3,2020
2020-03-20,7502,7774,100,56,1.54,44,103,47,55,41,14,4,20,3,2020
2020-03-20,7502,7774,56,21,1.7,35,74,47,55,41,14,4,20,3,2020
2020-03-23,7505,7773,100,80,1.44,20,50,45,47,42,5,0,23,3,2020
2020-03-23,7505,7773,80,35,1.72,45,94,45,47,42,5,0,23,3,2020
2020-03-23,7504,7776/7776,99,82,1.33,17,46,45,47,42,5,0,23,3,2020
2020-03-23,7504,7776/7777,82,46,1.96,36,66,45,47,42,5,0,23,3,2020
2020-03-24,7504,7772,100,59,1.48,41,100,43,49,39,10,1,24,3,2020
2020-03-24,7504,7772,59,48,1.65,11,24,43,49,39,10,1,24,3,2020
2020-03-24,7502,7774,100,55,1.57,45,103,43,49,39,10,1,24,3,2020
2020-03-24,7502,7774,55,17,1.85,38,74,43,49,39,10,1,24,3,2020
2020-03-25,7504,7776/7776,100,75,1.96,25,46,41,47,35,12,2,25,3,2020
2020-03-25,7502,7774,100,54,1.61,46,103,41,47,35,12,2,25,3,2020
2020-03-25,7502,7774,54,20,1.65,34,74,41,47,35,12,2,25,3,2020
2020-03-26,7502,7774,100,47,1.85,53,103,42,51,36,15,3,26,3,2020
2020-03-26,7502,7774,47,13,1.65,34,74,42,51,36,15,3,26,3,2020
2020-06-15,7501,9882,85,36,2,49,88,62,71,50,21,0,15,6,2020
2020-06-15,7505,9883,100,58,1.72,42,88,62,71,50,21,0,15,6,2020
2020-06-16,7503,9882,96,50,1.93,46,86,57,67,47,20,1,16,6,2020
2020-06-16,7505,9983,99,59,1.67,40,86,57,67,47,20,1,16,6,2020
2020-06-17,7503,9982,100,73,1.57,27,62,69,81,55,26,2,17,6,2020
2020-06-17,7503,9982,73,35,2.21,38,62,69,81,55,26,2,17,6,2020
2020-06-17,7505,9983,100,75,1.43,25,63,69,81,55,26,2,17,6,2020
2020-06-17,7505,9983,75,46,2.43,29,43,69,81,55,26,2,17,6,2020
2020-06-18,7505,9983,100,73,1.54,27,63,76,86,68,18,3,18,6,2020
2020-06-18,7505,9983,73,44,2.43,29,43,76,86,68,18,3,18,6,2020
2020-06-19,7505,9982,100,74,1.49,26,63,75,83,68,15,4,19,6,2020
2020-06-19,7505,9982,74,39,2,35,63,75,83,68,15,4,19,6,2020
2020-06-22,7505,9982,98,67,1.77,31,63,75,88,66,22,0,22,6,2020
2020-06-22,7505,9982,67,34,1.86,33,64,75,88,66,22,0,22,6,2020
2020-06-29,7505,9982,100,68,1.83,32,63,67,75,59,16,0,29,6,2020
2020-06-29,7505,9982,68,30,2.14,38,64,67,75,59,16,0,29,6,2020
2020-06-30,7506,9983,90,59,1.77,31,63,74,85,64,21,1,30,6,2020
2020-06-30,7507,9984,59,25,1.91,34,64,74,85,64,21,1,30,6,2020
2020-07-01,7503,9982,99,68,1.77,31,63,69,79,57,22,2,1,7,2020
2020-07-01,7503,9982,68,34,1.91,34,64,69,79,57,22,2,1,7,2020
2020-07-02,7505,9982,100,70,1.71,30,63,65,74,55,19,3,2,7,2020
2020-07-02,7505,9982,70,33,2.08,37,64,65,74,55,19,3,2,7,2020
2020-07-03,7505,9982,100,72,1.6,28,63,69,79,60,19,4,3,7,2020
2020-07-03,7505,9982,72,37,1.97,35,64,69,79,60,19,4,3,7,2020
2020-07-06,7505,9984,100,66,1.49,34,82,65,73,55,18,0,6,7,2020
2020-07-06,7505,9984,66,34,1.8,32,64,65,73,55,18,0,6,7,2020
2020-07-06,7501,9985,100,58,1.76,42,86,65,73,55,18,0,6,7,2020
2020-07-06,7502,9986,100,72,1.6,28,63,65,73,55,18,0,6,7,2020
2020-07-06,7502,9986,72,28,1.91,44,83,65,73,55,18,0,6,7,2020
2020-07-07,7501,9984,91,56,1.54,35,82,66,78,50,28,1,7,7,2020
2020-07-07,7501,9984,56,15,2.31,41,64,66,78,50,28,1,7,7,2020
2020-07-07,7502,9985,100,75,1.43,25,63,66,78,50,28,1,7,7,2020
2020-07-07,7502,9985,75,30,1.95,45,83,66,78,50,28,1,7,7,2020
2020-07-07,7505,9987,100,74,1.49,26,63,66,78,50,28,1,7,7,2020
2020-07-07,7505,9987,74,27,2.04,47,83,66,78,50,28,1,7,7,2020
2020-07-09,7501,9984,100,60,1.76,40,82,75,84,66,18,3,9,7,2020
2020-07-09,7501,9984,60,25,1.97,35,64,75,84,66,18,3,9,7,2020
2020-07-09,7502,9985,100,69,1.77,31,63,75,84,66,18,3,9,7,2020
2020-07-09,7502,9985,69,20,2.13,49,83,75,84,66,18,3,9,7,2020
2020-07-09,7505,9987,100,91,1.41,9,23,75,84,66,18,3,9,7,2020
2020-07-09,7505,9987,91,40,2.21,51,83,75,84,66,18,3,9,7,2020
2020-07-13,7501,9984,100,59,1.8,41,82,72,84,62,22,0,13,7,2020
2020-07-13,7501,9984,59,18,2.31,41,64,72,84,62,22,0,13,7,2020
2020-07-13,7502,9985,98,68,1.71,30,63,72,84,62,22,0,13,7,2020
2020-07-13,7502,9985,68,25,1.87,43,83,72,84,62,22,0,13,7,2020
2020-07-13,7505,9987,100,74,1.49,26,63,72,84,62,22,0,13,7,2020
2020-07-13,7505,9987,74,32,1.82,42,83,72,84,62,22,0,13,7,2020
2020-07-14,7501,9984,100,65,1.54,35,82,68,79,60,19,1,14,7,2020
2020-07-14,7501,9984,65,27,2.14,38,64,68,79,60,19,1,14,7,2020
2020-07-14,7502,9985,100,70,1.71,30,63,68,79,60,19,1,14,7,2020
2020-07-14,7502,9985,70,20,2.17,50,83,68,79,60,19,1,14,7,2020
2020-07-14,7505,9987,100,67,1.89,33,63,68,79,60,19,1,14,7,2020
2020-07-14,7505,9987,67,20,2.04,47,83,68,79,60,19,1,14,7,2020
2020-07-15,7501,9984,100,65,1.54,35,82,69,80,57,23,2,15,7,2020
2020-07-15,7501,9984,65,25,2.25,40,64,69,80,57,23,2,15,7,2020
2020-07-15,7502,9985,99,67,1.83,32,63,69,80,57,23,2,15,7,2020
2020-07-15,7502,9985,67,21,2,46,83,69,80,57,23,2,15,7,2020
2020-07-15,7505,9987,100,67,1.89,33,63,69,80,57,23,2,15,7,2020
2020-07-15,7505,9987,67,20,2.04,47,83,69,80,57,23,2,15,7,2020
2020-07-16,7502,9984,100,62,1.65,38,83,72,81,65,16,3,16,7,2020
2020-07-16,7502,9984,62,25,2.11,37,63,72,81,65,16,3,16,7,2020
2020-07-16,7505,9987,100,75,1.43,25,63,72,81,65,16,3,16,7,2020
2020-07-16,7505,9987,75,28,2.04,47,83,72,81,65,16,3,16,7,2020
2020-07-17,7502,9984,100,65,1.54,35,82,73,82,63,19,4,17,7,2020
2020-07-17,7502,9984,65,32,1.92,33,62,73,82,63,19,4,17,7,2020
2020-07-17,7505,9987,100,75,1.43,25,63,73,82,63,19,4,17,7,2020
2020-07-17,7505,9987,75,31,1.91,44,83,73,82,63,19,4,17,7,2020
2020-07-21,7502,9984,100,66,1.49,34,82,72,81,60,21,1,21,7,2020
2020-07-21,7502,9984,66,28,2.14,38,64,72,81,60,21,1,21,7,2020
2020-07-21,7505,9987,100,72,1.6,28,63,72,81,60,21,1,21,7,2020
2020-07-21,7505,9987,72,27,1.95,45,83,72,81,60,21,1,21,7,2020
2020-07-21,7505,9987,100,72,1.6,28,63,72,81,60,21,1,21,7,2020
2020-07-21,7505,9987,72,27,1.95,45,83,72,81,60,21,1,21,7,2020
2020-07-22,7502,9984,100,63,1.62,37,82,64,78,52,26,2,22,7,2020
2020-07-22,7502,9984,63,28,1.97,35,64,64,78,52,26,2,22,7,2020
2020-07-22,7504,9985,100,72,1.6,28,63,64,78,52,26,2,22,7,2020
2020-07-22,7504,9985,72,29,1.87,43,83,64,78,52,26,2,22,7,2020
2020-07-22,7505,9987,100,73,1.54,27,63,64,78,52,26,2,22,7,2020
2020-07-22,7505,9987,73,29,1.91,44,83,64,78,52,26,2,22,7,2020
2020-07-23,7505,9984,100,69,1.36,31,82,66,79,50,29,3,23,7,2020
2020-07-23,7505,9984,69,34,1.97,35,64,66,79,50,29,3,23,7,2020
2020-07-23,7502,9985,100,74,1.49,26,63,66,79,50,29,3,23,7,2020
2020-07-23,7502,9985,74,30,1.91,44,83,66,79,50,29,3,23,7,2020
2020-07-23,7504,9987,100,71,1.66,29,63,66,79,50,29,3,23,7,2020
2020-07-23,7504,9987,71,20,2.21,51,83,66,79,50,29,3,23,7,2020
2020-07-24,7505,9984,100,65,1.54,35,82,68,77,60,17,4,24,7,2020
2020-07-24,7505,9984,65,30,1.97,35,64,68,77,60,17,4,24,7,2020
2020-07-24,7504,9987,100,71,1.66,29,63,68,77,60,17,4,24,7,2020
2020-07-24,7504,9987,71,26,1.95,45,83,68,77,60,17,4,24,7,2020
2020-07-27,7504,9984,100,65,1.54,35,82,74,82,67,15,0,27,7,2020
2020-07-27,7504,9984,65,30,1.97,35,64,74,82,67,15,0,27,7,2020
2020-07-27,7505,9987,100,72,1.6,28,63,74,82,67,15,0,27,7,2020
2020-07-27,7505,9987,72,33,1.69,39,83,74,82,67,15,0,27,7,2020
2020-07-28,7504,9984,100,66,1.49,34,82,76,83,68,15,1,28,7,2020
2020-07-28,7504,9984,66,33,1.86,33,64,76,83,68,15,1,28,7,2020
2020-07-28,7505,9987,100,75,1.43,25,63,76,83,68,15,1,28,7,2020
2020-07-28,7505,9987,75,28,2.04,47,83,76,83,68,15,1,28,7,2020
2020-07-29,7504,9984,100,68,1.4,32,82,76,82,68,14,2,29,7,2020
2020-07-29,7504,9984,68,25,2.42,43,64,76,82,68,14,2,29,7,2020
2020-07-29,7505,9987,100,75,1.43,25,63,76,82,68,14,2,29,7,2020
2020-07-29,7505,9987,75,35,1.73,40,83,76,82,68,14,2,29,7,2020
2020-07-30,7504,9984,100,64,1.58,36,82,72,80,59,21,3,30,7,2020
2020-07-30,7504,9984,64,30,1.91,34,64,72,80,59,21,3,30,7,2020
2020-07-30,7505,9987,100,76,1.37,24,63,72,80,59,21,3,30,7,2020
2020-07-30,7505,9987,76,33,1.87,43,83,72,80,59,21,3,30,7,2020
2020-07-31,7504,9984,100,67,1.45,33,82,72,82,60,22,4,31,7,2020
2020-07-31,7504,9984,67,33,1.91,34,64,72,82,60,22,4,31,7,2020
2020-07-31,7505,9987,100,73,1.54,27,63,72,82,60,22,4,31,7,2020
2020-07-31,7505,9987,73,28,1.95,45,83,72,82,60,22,4,31,7,2020
2020-08-10,7502,7771,100,82,1.32,18,49,77,84,69,15,0,10,8,2020
2020-08-10,7502,7771,82,66,1.56,16,37,77,84,69,15,0,10,8,2020
2020-08-10,7502,7771,66,18,2.13,48,81,77,84,69,15,0,10,8,2020
2020-08-10,7505,7071,100,56,1.74,44,91,77,84,69,15,0,10,8,2020
2020-08-10,7505,7071,56,30,2.08,26,45,77,84,69,15,0,10,8,2020
2020-08-11,7505,7771,100,82,1.32,18,49,72,80,65,15,1,11,8,2020
2020-08-11,7505,7771,82,65,1.65,17,37,72,80,65,15,1,11,8,2020
2020-08-11,7505,7771,65,21,1.98,44,80,72,80,65,15,1,11,8,2020
2020-08-11,7504,7072,100,71,1.61,29,65,72,80,65,15,1,11,8,2020
2020-08-11,7504,7072,71,26,1.88,45,86,72,80,65,15,1,11,8,2020
2020-08-12,7505,7771,100,79,1.54,21,49,77,87,67,20,2,12,8,2020
2020-08-12,7505,7771,79,59,1.95,20,37,77,87,67,20,2,12,8,2020
2020-08-12,7505,7771,59,15,1.98,44,80,77,87,67,20,2,12,8,2020
2020-08-12,7504,7072,100,70,1.59,30,68,77,87,67,20,2,12,8,2020
2020-08-12,7504,7072,70,24,2,46,83,77,87,67,20,2,12,8,2020
2020-08-13,7504,7771,100,80,1.47,20,49,83,93,76,17,3,13,8,2020
2020-08-13,7504,7771,80,62,1.71,18,38,83,93,76,17,3,13,8,2020
2020-08-13,7504,7771,62,12,2.25,50,80,83,93,76,17,3,13,8,2020
2020-08-13,7505,7072,100,70,1.64,30,66,83,93,76,17,3,13,8,2020
2020-08-13,7505,7072,70,28,1.78,42,85,83,93,76,17,3,13,8,2020
2020-08-14,7505,7771,100,81,1.4,19,49,87,98,77,21,4,14,8,2020
2020-08-14,7505,7771,81,61,1.89,20,38,87,98,77,21,4,14,8,2020
2020-08-14,7505,7771,61,10,2.3,51,80,87,98,77,21,4,14,8,2020
2020-08-14,7502,7071,100,51,2.67,49,66,87,98,77,21,4,14,8,2020
2020-08-14,7502,7071,51,15,1.88,36,69,87,98,77,21,4,14,8,2020
2020-08-14,7504,7072,100,64,1.96,36,66,87,98,77,21,4,14,8,2020
2020-08-14,7504,7072,64,12,2.2,52,85,87,98,77,21,4,14,8,2020
2020-08-17,7505,7771,100,83,1.28,17,48,86,92,81,11,0,17,8,2020
2020-08-17,7505,7771,83,64,1.8,19,38,86,92,81,11,0,17,8,2020
2020-08-17,7505,7771,64,20,1.98,44,80,86,92,81,11,0,17,8,2020
2020-08-17,7502,7071,100,50,2,50,90,86,92,81,11,0,17,8,2020
2020-08-17,7502,7071,50,25,2,25,45,86,92,81,11,0,17,8,2020
2020-08-17,7504,7072,100,62,1.95,38,70,86,92,81,11,0,17,8,2020
2020-08-17,7504,7072,62,12,2.12,50,85,86,92,81,11,0,17,8,2020
2020-08-18,7505,7771,100,80,1.5,20,48,88,96,82,14,1,18,8,2020
2020-08-18,7505,7771,80,60,1.89,20,38,88,96,82,14,1,18,8,2020
2020-08-18,7505,7771,60,11,2.21,49,80,88,96,82,14,1,18,8,2020
2020-08-18,7504,7072,100,65,1.91,35,66,88,96,82,14,1,18,8,2020
2020-08-18,7504,7072,65,5,2.57,60,84,88,96,82,14,1,18,8,2020
2020-08-19,7505,7771,100,81,1.43,19,48,85,94,74,20,2,19,8,2020
2020-08-19,7505,7771,81,64,1.61,17,38,85,94,74,20,2,19,8,2020
2020-08-19,7505,7771,64,24,1.8,40,80,85,94,74,20,2,19,8,2020
2020-08-19,7502,7071,94,45,1.96,49,90,85,94,74,20,2,19,8,2020
2020-08-19,7502,7071,45,22,1.84,23,45,85,94,74,20,2,19,8,2020
2020-08-19,7504,7072,100,62,2.07,38,66,85,94,74,20,2,19,8,2020
2020-08-19,7504,7072,62,13,2.1,49,84,85,94,74,20,2,19,8,2020
2020-08-20,7504,7771,100,81,1.43,19,48,74,85,63,22,3,20,8,2020
2020-08-20,7504,7771,81,64,1.61,17,38,74,85,63,22,3,20,8,2020
2020-08-20,7504,7771,64,10,2.43,54,80,74,85,63,22,3,20,8,2020
2020-08-21,7504,7772,100,60,1.44,40,100,75,83,66,17,4,21,8,2020
2020-08-21,7504,7772,60,10,2.57,50,70,75,83,66,17,4,21,8,2020
2020-08-21,7502,7072,98,68,1.64,30,66,75,83,66,17,4,21,8,2020
2020-08-21,7502,7072,68,25,1.84,43,84,75,83,66,17,4,21,8,2020
2020-08-24,7504,7771,100,85,1.13,15,48,76,86,70,16,0,24,8,2020
2020-08-24,7504,7771,85,66,1.8,19,38,76,86,70,16,0,24,8,2020
2020-08-24,7504,7771,66,30,1.62,36,80,76,86,70,16,0,24,8,2020
2020-08-24,7502,7072,100,67,1.8,33,66,76,86,70,16,0,24,8,2020
2020-08-24,7502,7072,67,15,2.2,52,85,76,86,70,16,0,24,8,2020
2020-08-25,7504,7771,99,82,1.28,17,48,71,79,63,16,1,25,8,2020
2020-08-25,7504,7771,82,66,1.52,16,38,71,79,63,16,1,25,8,2020
2020-08-25,7504,7771,66,30,1.62,36,80,71,79,63,16,1,25,8,2020
2020-08-26,7504,7771,100,84,1.2,16,48,71,78,64,14,2,26,8,2020
2020-08-26,7504,7771,84,69,1.42,15,38,71,78,64,14,2,26,8,2020
2020-08-26,7504,7771,69,29,1.8,40,80,71,78,64,14,2,26,8,2020
2020-08-26,7502,7072,100,67,1.8,33,66,71,78,64,14,2,26,8,2020
2020-08-26,7502,7072,67,25,1.8,42,84,71,78,64,14,2,26,8,2020
2020-08-27,7504,7771,100,83,1.28,17,48,67,76,54,22,3,27,8,2020
2020-08-27,7504,7771,83,68,1.42,15,38,67,76,54,22,3,27,8,2020
2020-08-27,7504,7771,68,29,1.76,39,80,67,76,54,22,3,27,8,2020
2020-08-27,7502,7072,100,69,1.69,31,66,67,76,54,22,3,27,8,2020
2020-08-27,7502,7072,69,28,1.76,41,84,67,76,54,22,3,27,8,2020
2020-08-28,7502,7072,100,75,1.34,25,67,77,85,65,20,4,28,8,2020
2020-08-28,7502,7072,75,32,1.84,43,84,77,85,65,20,4,28,8,2020
2020-08-31,7504,7771,100,84,1.2,16,48,76,81,70,11,0,31,8,2020
2020-08-31,7504,7771,84,67,1.61,17,38,76,81,70,11,0,31,8,2020
2020-08-31,7504,7771,67,32,1.58,35,80,76,81,70,11,0,31,8,2020
2020-08-31,7502,7072,100,65,1.91,35,66,76,81,70,11,0,31,8,2020
2020-08-31,7502,7072,65,21,1.86,44,85,76,81,70,11,0,31,8,2020
2020-09-01,7504,7771,100,83,1.28,17,48,68,76,58,18,1,1,9,2020
2020-09-01,7504,7771,83,66,1.61,17,38,68,76,58,18,1,1,9,2020
2020-09-01,7504,7771,66,30,1.62,36,80,68,76,58,18,1,1,9,2020
2020-09-01,7502,7072,100,63,2.02,37,66,68,76,58,18,1,1,9,2020
2020-09-01,7502,7072,62,21,1.74,41,85,68,76,58,18,1,1,9,2020
2020-09-02,7504,7771,100,83,1.28,17,48,64,75,53,22,2,2,9,2020
2020-09-02,7504,7771,83,67,1.52,16,38,64,75,53,22,2,2,9,2020
2020-09-02,7504,7771,67,27,1.8,40,80,64,75,53,22,2,2,9,2020
2020-09-02,7502,7072,100,67,1.8,33,66,64,75,53,22,2,2,9,2020
2020-09-02,7502,7072,67,25,1.78,42,85,64,75,53,22,2,2,9,2020
2020-09-03,7504,7771,100,83,1.28,17,48,71,79,56,23,3,3,9,2020
2020-09-03,7504,7771,83,68,1.42,15,38,71,79,56,23,3,3,9,2020
2020-09-03,7504,7771,68,26,1.89,42,80,71,79,56,23,3,3,9,2020
2020-09-03,7502,7072,100,65,1.91,35,66,71,79,56,23,3,3,9,2020
2020-09-03,7502,7072,65,15,2.12,50,85,71,79,56,23,3,3,9,2020
2020-09-04,7504,7771,100,84,1.2,16,48,78,84,71,13,4,4,9,2020
2020-09-04,7504,7771,84,66,1.71,18,38,78,84,71,13,4,4,9,2020
2020-09-04,7504,7771,66,27,1.76,39,80,78,84,71,13,4,4,9,2020
2020-09-04,7502,7072,100,66,1.85,34,66,78,84,71,13,4,4,9,2020
2020-09-04,7502,7072,66,17,2.08,49,85,78,84,71,13,4,4,9,2020
2020-09-08,7504,7771,100,84,1.2,16,48,80,85,71,14,1,8,9,2020
2020-09-08,7504,7771,84,68,1.52,16,38,80,85,71,14,1,8,9,2020
2020-09-08,7504,7771,68,33,1.58,35,80,80,85,71,14,1,8,9,2020
2020-09-09,7504,7771,100,84,1.2,16,48,71,75,69,6,2,9,9,2020
2020-09-09,7504,7771,84,69,1.42,15,38,71,75,69,6,2,9,9,2020
2020-09-09,7504,7771,69,34,1.58,35,80,71,75,69,6,2,9,9,2020
2020-09-10,7504,7771,100,84,1.2,16,48,67,71,62,9,3,10,9,2020
2020-09-10,7504,7771,84,68,1.52,16,38,67,71,62,9,3,10,9,2020
2020-09-10,7504,7771,68,34,1.53,34,80,67,71,62,9,3,10,9,2020
2020-09-11,7504,7771,100,80,1.5,20,48,71,78,63,15,4,11,9,2020
2020-09-11,7504,7771,80,61,1.8,19,38,71,78,63,15,4,11,9,2020
2020-09-11,7504,7771,62,25,1.67,37,80,71,78,63,15,4,11,9,2020
2020-09-14,7504,7072,100,71,1.56,29,67,66,77,50,27,0,14,9,2020
2020-09-14,7504,7072,71,30,1.74,41,85,66,77,50,27,0,14,9,2020
2020-09-15,7504,7771,100,83,1.28,17,48,70,80,57,23,1,15,9,2020
2020-09-15,7504,7771,83,66,1.61,17,38,70,80,57,23,1,15,9,2020
2020-09-15,7504,7771,66,27,1.76,39,80,70,80,57,23,1,15,9,2020
2020-09-16,7504,7771,100,83,1.28,17,48,67,78,58,20,2,16,9,2020
2020-09-16,7504,7771,83,67,1.52,16,38,67,78,58,20,2,16,9,2020
2020-09-16,7504,7771,67,25,1.89,42,80,67,78,58,20,2,16,9,2020
2020-09-17,7504,7771,100,83,1.28,17,48,69,79,59,20,3,17,9,2020
2020-09-17,7504,7771,83,66,1.61,17,38,69,79,59,20,3,17,9,2020
2020-09-17,7504,7771,66,26,1.8,40,80,69,79,59,20,3,17,9,2020
2020-09-18,7504,7771,100,82,1.35,18,48,63,71,56,15,4,18,9,2020
2020-09-18,7504,7771,83,65,1.71,18,38,63,71,56,15,4,18,9,2020
2020-09-18,7504,7771,65,25,1.8,40,80,63,71,56,15,4,18,9,2020
2020-09-21,7504,7771,100,81,1.43,19,48,73,83,64,19,0,21,9,2020
2020-09-21,7504,7771,81,63,1.71,18,38,73,83,64,19,0,21,9,2020
2020-09-21,7504,7771,63,25,1.71,38,80,73,83,64,19,0,21,9,2020
2020-09-22,7504,7771,100,82,1.35,18,48,69,78,62,16,1,22,9,2020
2020-09-22,7504,7771,82,64,1.71,18,38,69,78,62,16,1,22,9,2020
2020-09-22,7504,7771,64,26,1.71,38,80,69,78,62,16,1,22,9,2020
2020-09-22,7503,7072,100,69,1.69,31,66,69,78,62,16,1,22,9,2020
2020-09-23,7503,7771,100,81,1.43,19,48,69,78,56,22,2,23,9,2020
2020-09-23,7503,7771,81,63,1.71,18,38,69,78,56,22,2,23,9,2020
2020-09-23,7503,7771,63,20,1.94,43,80,69,78,56,22,2,23,9,2020
2020-09-23,7504,7072,100,68,1.75,32,66,69,78,56,22,2,23,9,2020
2020-09-23,7504,7072,68,7,2.58,61,85,69,78,56,22,2,23,9,2020
2020-09-24,7504,7771,100,83,1.28,17,48,64,74,55,19,3,24,9,2020
2020-09-24,7504,7771,83,67,1.52,16,38,64,74,55,19,3,24,9,2020
2020-09-24,7504,7771,67,27,1.8,40,80,64,74,55,19,3,24,9,2020
2020-09-24,7503,7072,100,65,1.91,35,66,64,74,55,19,3,24,9,2020
2020-09-24,7503,7072,65,20,1.91,45,85,64,74,55,19,3,24,9,2020
2020-09-25,7504,7771,100,70,2.25,30,48,63,74,52,22,4,25,9,2020
2020-09-25,7504,7771,70,52,1.71,18,38,63,74,52,22,4,25,9,2020
2020-09-25,7504,7771,52,12,1.8,40,80,63,74,52,22,4,25,9,2020
2020-09-25,7503,7072,100,73,1.47,27,66,63,74,52,22,4,25,9,2020
2020-09-25,7503,7072,73,33,1.69,40,85,63,74,52,22,4,25,9,2020
2020-09-28,7504,7771,100,84,1.2,16,48,83,93,74,19,0,28,9,2020
2020-09-28,7504,7771,84,64,1.89,20,38,83,93,74,19,0,28,9,2020
2020-09-28,7504,7771,64,17,2.12,47,80,83,93,74,19,0,28,9,2020
2020-09-28,7503,7072,100,67,1.8,33,66,83,93,74,19,0,28,9,2020
2020-09-28,7503,7072,67,19,1.96,48,88,83,93,74,19,0,28,9,2020
2020-09-29,7503,7771,100,82,1.35,18,48,82,90,74,16,1,29,9,2020
2020-09-29,7503,7771,82,64,1.71,18,38,82,90,74,16,1,29,9,2020
2020-09-29,7503,7771,64,25,1.76,39,80,82,90,74,16,1,29,9,2020
2020-09-30,7504,7771,100,81,1.43,19,48,84,94,73,21,2,30,9,2020
2020-09-30,7504,7771,81,63,1.71,18,38,84,94,73,21,2,30,9,2020
2020-09-30,7504,7771,63,23,1.8,40,80,84,94,73,21,2,30,9,2020
2020-09-30,7503,7072,100,65,1.91,35,66,84,94,73,21,2,30,9,2020
2020-09-30,7503,7072,65,20,1.91,45,85,84,94,73,21,2,30,9,2020
2020-10-01,7504,7771,100,83,1.28,17,48,86,92,82,10,3,1,10,2020
2020-10-01,7504,7771,83,65,1.71,18,38,86,92,82,10,3,1,10,2020
2020-10-01,7504,7771,65,25,1.8,40,80,86,92,82,10,3,1,10,2020
2020-10-01,7504,7771,100,69,1.69,31,66,86,92,82,10,3,1,10,2020
2020-10-01,7504,7771,69,23,1.95,46,85,86,92,82,10,3,1,10,2020
2020-10-02,7505,7771,100,83,1.28,17,48,84,90,79,11,4,2,10,2020
2020-10-02,7505,7771,83,65,1.71,18,38,84,90,79,11,4,2,10,2020
2020-10-02,7505,7771,65,25,1.8,40,80,84,90,79,11,4,2,10,2020
2020-10-02,7504,7072,100,75,1.36,25,66,84,90,79,11,4,2,10,2020
2020-10-02,7504,7072,75,34,1.74,41,85,84,90,79,11,4,2,10,2020
2020-10-05,7505,7771,100,82,1.35,18,48,80,89,74,15,0,5,10,2020
2020-10-05,7505,7771,82,66,1.52,16,38,80,89,74,15,0,5,10,2020
2020-10-05,7505,7771,66,30,1.62,36,80,80,89,74,15,0,5,10,2020
2020-10-05,7504,7072,100,57,2.35,43,66,80,89,74,15,0,5,10,2020
2020-10-05,7504,7072,57,10,1.99,47,85,80,89,74,15,0,5,10,2020
2020-10-06,7505,7771,100,81,1.43,19,48,79,88,71,17,1,6,10,2020
2020-10-06,7505,7771,81,67,1.33,14,38,79,88,71,17,1,6,10,2020
2020-10-06,7505,7771,67,23,1.98,44,80,79,88,71,17,1,6,10,2020
2020-10-06,7504,7072,100,62,2.07,38,66,79,88,71,17,1,6,10,2020
2020-10-06,7504,7072,62,20,1.78,42,85,79,88,71,17,1,6,10,2020
2020-10-07,7504,7771,100,81,1.43,19,48,72,84,66,18,2,7,10,2020
2020-10-07,7504,7771,81,63,1.71,18,38,72,84,66,18,2,7,10,2020
2020-10-07,7504,7771,63,27,1.62,36,80,72,84,66,18,2,7,10,2020
2020-10-08,7504,7771,100,82,1.35,18,48,60,67,50,17,3,8,10,2020
2020-10-08,7504,7771,82,65,1.61,17,38,60,67,50,17,3,8,10,2020
2020-10-08,7504,7771,65,27,1.71,38,80,60,67,50,17,3,8,10,2020
2020-10-09,7504,7771,100,82,1.35,18,48,57,68,51,17,4,9,10,2020
2020-10-09,7504,7771,82,66,1.52,16,38,57,68,51,17,4,9,10,2020
2020-10-09,7504,7771,66,27,1.76,39,80,57,68,51,17,4,9,10,2020
2020-10-12,7504,7772,100,58,1.74,42,87,71,82,62,20,0,12,10,2020
2020-10-12,7504,7772,58,14,1.76,44,90,71,82,62,20,0,12,10,2020
2020-10-14,7503,7771,100,82,1.35,18,48,79,86,68,18,2,14,10,2020
2020-10-14,7503,7771,82,64,1.75,18,37,79,86,68,18,2,14,10,2020
2020-10-14,7503,7771,64,20,1.96,44,81,79,86,68,18,2,14,10,2020
2020-10-15,7503,7771,100,83,1.28,17,48,79,88,73,15,3,15,10,2020
2020-10-15,7503,7771,83,67,1.56,16,37,79,88,73,15,3,15,10,2020
2020-10-15,7503,7771,67,29,1.69,38,81,79,88,73,15,3,15,10,2020
2020-10-15,7504,7772,100,50,2.07,50,87,79,88,73,15,3,15,10,2020
2020-10-15,7504,7772,50,5,1.95,45,83,79,88,73,15,3,15,10,2020
2020-10-15,7502,7072,100,69,1.72,31,65,79,88,73,15,3,15,10,2020
2020-10-15,7502,7072,69,21,2.01,48,86,79,88,73,15,3,15,10,2020
2020-10-16,7503,7771,100,77,1.73,23,48,78,87,68,19,4,16,10,2020
2020-10-16,7503,7771,77,57,1.89,20,38,78,87,68,19,4,16,10,2020
2020-10-16,7503,7771,57,10,2.12,47,80,78,87,68,19,4,16,10,2020
2020-10-16,7504,7772,100,47,2.19,53,87,78,87,68,19,4,16,10,2020
2020-10-16,7504,7772,47,10,1.6,37,83,78,87,68,19,4,16,10,2020
2020-10-16,7502,7072,100,69,1.69,31,66,78,87,68,19,4,16,10,2020
2020-10-16,7502,7072,69,27,1.78,42,85,78,87,68,19,4,16,10,2020
2020-10-19,7505,7771,100,83,1.28,17,48,75,83,68,15,0,19,10,2020
2020-10-19,7505,7771,83,68,1.42,15,38,75,83,68,15,0,19,10,2020
2020-10-19,7505,7771,68,25,1.94,43,80,75,83,68,15,0,19,10,2020
2020-10-19,7504,7772,100,64,1.49,36,87,75,83,68,15,0,19,10,2020
2020-10-19,7504,7772,64,24,1.73,40,83,75,83,68,15,0,19,10,2020
2020-10-19,7503,7072,100,68,1.75,32,66,75,83,68,15,0,19,10,2020
2020-10-19,7503,7072,68,25,1.82,43,85,75,83,68,15,0,19,10,2020
2020-10-20,7505,7771,100,83,1.28,17,48,76,84,70,14,1,20,10,2020
2020-10-20,7505,7771,83,67,1.52,16,38,76,84,70,14,1,20,10,2020
2020-10-20,7505,7771,67,10,3.36,57,61,76,84,70,14,1,20,10,2020
2020-10-20,7504,7772,100,64,1.49,36,87,76,84,70,14,1,20,10,2020
2020-10-20,7504,7772,64,24,1.73,40,83,76,84,70,14,1,20,10,2020
2020-10-20,7502,7072,100,67,1.8,33,66,76,84,70,14,1,20,10,2020
2020-10-20,7502,7072,67,26,1.74,41,85,76,84,70,14,1,20,10,2020
2020-10-21,7505,7771,100,81,1.43,19,48,75,84,70,14,2,21,10,2020
2020-10-21,7505,7771,81,64,1.61,17,38,75,84,70,14,2,21,10,2020
2020-10-21,7505,7771,64,25,1.76,39,80,75,84,70,14,2,21,10,2020
2020-10-21,7502,7072,100,70,1.64,30,66,75,84,70,14,2,21,10,2020
2020-10-21,7502,7072,70,27,1.82,43,85,75,84,70,14,2,21,10,2020
2020-10-22,7505,7771,100,82,1.35,18,48,69,76,62,14,3,22,10,2020
2020-10-22,7505,7771,82,65,1.61,17,38,69,76,62,14,3,22,10,2020
2020-10-22,7505,7771,65,25,1.8,40,80,69,76,62,14,3,22,10,2020
2020-10-22,7502,7772,100,45,2.3,55,86,69,76,62,14,3,22,10,2020
2020-10-22,7502,7772,45,13,1.86,32,62,69,76,62,14,3,22,10,2020
2020-10-22,7504,7072,100,72,1.53,28,66,69,76,62,14,3,22,10,2020
2020-10-22,7504,7072,72,30,1.78,42,85,69,76,62,14,3,22,10,2020
2020-10-23,7505,7771,94,74,1.5,20,48,57,67,48,19,4,23,10,2020
2020-10-23,7505,7771,74,59,1.42,15,38,57,67,48,19,4,23,10,2020
2020-10-23,7505,7771,59,13,2.07,46,80,57,67,48,19,4,23,10,2020
2020-10-23,7501,7772,100,55,2.31,45,70,57,67,48,19,4,23,10,2020
2020-10-23,7504,7072,100,67,1.8,33,66,57,67,48,19,4,23,10,2020
2020-10-23,7504,7072,67,23,1.86,44,85,57,67,48,19,4,23,10,2020
2020-10-26,7505,7771,100,81,1.43,19,48,59,68,48,20,0,26,10,2020
2020-10-26,7505,7771,81,66,1.42,15,38,59,68,48,20,0,26,10,2020
2020-10-26,7505,7771,66,23,1.94,43,80,59,68,48,20,0,26,10,2020
2020-10-26,7502,7772,100,65,1.45,35,87,59,68,48,20,0,26,10,2020
2020-10-26,7502,7772,65,24,1.78,41,83,59,68,48,20,0,26,10,2020
2020-10-26,7504,7072,100,69,1.69,31,66,59,68,48,20,0,26,10,2020
2020-10-26,7504,7072,69,30,1.65,39,85,59,68,48,20,0,26,10,2020
2020-10-27,7505,7771,100,79,1.58,21,48,63,72,56,16,1,27,10,2020
2020-10-27,7505,7771,79,63,1.52,16,38,63,72,56,16,1,27,10,2020
2020-10-27,7505,7771,63,23,1.8,40,80,63,72,56,16,1,27,10,2020
2020-10-27,7504,7772,100,58,1.72,42,88,63,72,56,16,1,27,10,2020
2020-10-27,7504,7772,58,22,1.56,36,83,63,72,56,16,1,27,10,2020
2020-10-27,7502,7072,91,63,1.53,28,66,63,72,56,16,1,27,10,2020
2020-10-27,7502,7072,63,21,1.78,42,85,63,72,56,16,1,27,10,2020
2020-10-28,7505,7771,100,78,1.65,22,48,64,74,58,16,2,28,10,2020
2020-10-28,7505,7771,78,60,1.71,18,38,64,74,58,16,2,28,10,2020
2020-10-28,7505,7771,60,22,1.71,38,80,64,74,58,16,2,28,10,2020
2020-10-28,7502,7772,100,45,2.3,55,86,64,74,58,16,2,28,10,2020
2020-10-28,7502,7772,45,13,1.92,32,60,64,74,58,16,2,28,10,2020
2020-10-28,7504,7072,92,62,1.64,30,66,64,74,58,16,2,28,10,2020
2020-10-28,7504,7072,62,26,1.52,36,85,64,74,58,16,2,28,10,2020
2020-10-29,7505,7771,98,78,1.5,20,48,66,75,60,15,3,29,10,2020
2020-10-29,7505,7771,78,58,1.89,20,38,66,75,60,15,3,29,10,2020
2020-10-29,7505,7771,58,20,1.71,38,80,66,75,60,15,3,29,10,2020
2020-10-29,7501,7772,100,45,2.28,55,87,66,75,60,15,3,29,10,2020
2020-10-29,7501,7772,45,10,2.1,35,60,66,75,60,15,3,29,10,2020
2020-10-29,7504,7072,95,68,1.47,27,66,66,75,60,15,3,29,10,2020
2020-10-29,7504,7072,68,29,1.65,39,85,66,75,60,15,3,29,10,2020
2020-10-30,7505,7771,100,77,1.73,23,48,67,75,62,13,4,30,10,2020
2020-10-30,7501,7772,100,47,2.19,53,87,67,75,62,13,4,30,10,2020
2020-10-30,7504,7072,95,64,1.69,31,66,67,75,62,13,4,30,10,2020
2020-10-30,7504,7072,64,25,1.65,39,85,67,75,62,13,4,30,10,2020
2020-11-02,7501,7772,100,60,1.62,40,89,74,83,63,20,0,2,11,2020
2020-11-02,7501,7772,60,10,2.17,50,83,74,83,63,20,0,2,11,2020
2020-11-02,7504,7072,100,71,1.51,29,69,74,83,63,20,0,2,11,2020
2020-11-02,7504,7072,71,29,1.8,42,84,74,83,63,20,0,2,11,2020
2020-11-03,7501,7772,100,60,1.66,40,87,67,78,61,17,1,3,11,2020
2020-11-03,7501,7772,60,2,2.52,58,83,67,78,61,17,1,3,11,2020
2020-11-03,7504,7072,100,72,1.53,28,66,67,78,61,17,1,3,11,2020
2020-11-03,7504,7072,72,30,1.78,42,85,67,78,61,17,1,3,11,2020
2020-11-04,7505,7771,100,77,1.73,23,48,67,74,60,14,2,4,11,2020
2020-11-04,7505,7771,77,52,2.37,25,38,67,74,60,14,2,4,11,2020
2020-11-04,7505,7771,52,15,1.67,37,80,67,74,60,14,2,4,11,2020
2020-11-04,7501,7772,100,44,2.32,56,87,67,74,60,14,2,4,11,2020
2020-11-04,7501,7772,44,13,1.8,31,62,67,74,60,14,2,4,11,2020
2020-11-04,7504,7072,100,72,1.53,28,66,67,74,60,14,2,4,11,2020
2020-11-04,7504,7072,72,27,1.91,45,85,67,74,60,14,2,4,11,2020
2020-11-05,7501,7771,100,77,1.73,23,48,70,79,57,22,3,5,11,2020
2020-11-05,7501,7771,77,58,1.8,19,38,70,79,57,22,3,5,11,2020
2020-11-05,7501,7771,58,16,1.89,42,80,70,79,57,22,3,5,11,2020
2020-11-05,7504,7072,100,72,1.46,28,69,70,79,57,22,3,5,11,2020
2020-11-05,7504,7072,72,25,1.94,47,87,70,79,57,22,3,5,11,2020
2020-11-06,7505,7771,100,77,1.73,23,48,47,53,42,11,4,6,11,2020
2020-11-06,7505,7771,77,62,1.42,15,38,47,53,42,11,4,6,11,2020
2020-11-06,7505,7771,62,22,1.8,40,80,47,53,42,11,4,6,11,2020
2020-11-06,7501,7772,100,42,2.4,58,87,47,53,42,11,4,6,11,2020
2020-11-06,7501,7772,42,13,1.68,29,62,47,53,42,11,4,6,11,2020
2020-11-06,7504,7072,100,72,1.53,28,66,47,53,42,11,4,6,11,2020
2020-11-06,7504,7072,72,29,1.82,43,85,47,53,42,11,4,6,11,2020
2020-11-09,7504,7771,100,72,2.1,28,48,44,52,39,13,0,9,11,2020
2020-11-09,7504,7771,72,46,2.46,26,38,44,52,39,13,0,9,11,2020
2020-11-09,7504,7771,46,7,1.76,39,80,44,52,39,13,0,9,11,2020
2020-11-09,7501,7772,100,47,2.19,53,87,44,52,39,13,0,9,11,2020
2020-11-09,7501,7772,47,16,1.83,31,61,44,52,39,13,0,9,11,2020
2020-11-09,7505,7072,100,65,1.91,35,66,44,52,39,13,0,9,11,2020
2020-11-09,7505,7072,65,23,1.78,42,85,44,52,39,13,0,9,11,2020
2020-11-10,7501,7771,100,69,2.33,31,48,50,59,42,17,1,10,11,2020
2020-11-10,7501,7771,69,52,1.61,17,38,50,59,42,17,1,10,11,2020
2020-11-10,7501,7771,52,7,2.03,45,80,50,59,42,17,1,10,11,2020
2020-11-10,7504,7772,100,57,1.78,43,87,50,59,42,17,1,10,11,2020
2020-11-10,7504,7772,57,20,1.6,37,83,50,59,42,17,1,10,11,2020
2020-11-10,7505,7072,93,56,2.02,37,66,50,59,42,17,1,10,11,2020
2020-11-10,7505,7072,56,15,1.74,41,85,50,59,42,17,1,10,11,2020
2020-11-11,7503,7771,100,78,1.65,22,48,48,56,43,13,2,11,11,2020
2020-11-11,7503,7771,78,61,1.61,17,38,48,56,43,13,2,11,11,2020
2020-11-11,7503,7771,61,23,1.71,38,80,48,56,43,13,2,11,11,2020
2020-11-11,7501,7772,100,48,2.15,52,87,48,56,43,13,2,11,11,2020
2020-11-11,7501,7772,48,10,1.65,38,83,48,56,43,13,2,11,11,2020
2020-11-11,7504,7072,100,72,1.53,28,66,48,56,43,13,2,11,11,2020
2020-11-11,7504,7072,72,28,1.86,44,85,48,56,43,13,2,11,11,2020
2020-11-12,7503,7771,100,75,1.88,25,48,51,59,44,15,3,12,11,2020
2020-11-12,7503,7771,75,57,1.71,18,38,51,59,44,15,3,12,11,2020
2020-11-12,7503,7771,57,20,1.67,37,80,51,59,44,15,3,12,11,2020
2020-11-12,7501,7772,100,44,2.32,56,87,51,59,44,15,3,12,11,2020
2020-11-12,7501,7772,44,14,1.8,30,60,51,59,44,15,3,12,11,2020
2020-11-12,7504,7072,98,65,1.8,33,66,51,59,44,15,3,12,11,2020
2020-11-12,7504,7072,65,24,1.74,41,85,51,59,44,15,3,12,11,2020
2020-11-13,7503,7771,100,76,1.8,24,48,51,57,45,12,4,13,11,2020
2020-11-13,7503,7771,76,60,1.52,16,38,51,57,45,12,4,13,11,2020
2020-11-13,7503,7771,60,18,1.89,42,80,51,57,45,12,4,13,11,2020
2020-11-13,7501,7772,100,43,2.36,57,87,51,57,45,12,4,13,11,2020
2020-11-13,7501,7772,47,10,2.66,37,50,51,57,45,12,4,13,11,2020
2020-11-13,7504,7072,100,69,1.69,31,66,51,57,45,12,4,13,11,2020
2020-11-13,7504,7072,69,29,1.69,40,85,51,57,45,12,4,13,11,2020
2020-11-16,7503,7771,100,76,1.8,24,48,66,74,55,19,0,16,11,2020
2020-11-16,7503,7771,76,61,1.42,15,38,66,74,55,19,0,16,11,2020
2020-11-16,7503,7771,61,17,1.98,44,80,66,74,55,19,0,16,11,2020
2020-11-16,7501,7772,100,53,1.94,47,87,66,74,55,19,0,16,11,2020
2020-11-16,7501,7772,53,13,1.73,40,83,66,74,55,19,0,16,11,2020
2020-11-16,7504,7072,100,68,1.75,32,66,66,74,55,19,0,16,11,2020
2020-11-16,7504,7072,68,23,1.91,45,85,66,74,55,19,0,16,11,2020
2020-11-17,7503,7771,100,81,1.43,19,48,56,69,51,18,1,17,11,2020
2020-11-17,7503,7771,81,66,1.42,15,38,56,69,51,18,1,17,11,2020
2020-11-17,7503,7771,66,25,1.85,41,80,56,69,51,18,1,17,11,2020
2020-11-17,7501,7772,100,58,1.74,42,87,56,69,51,18,1,17,11,2020
2020-11-17,7501,7772,58,15,1.87,43,83,56,69,51,18,1,17,11,2020
2020-11-17,7504,7072,100,73,1.47,27,66,56,69,51,18,1,17,11,2020
2020-11-17,7504,7072,73,33,1.69,40,85,56,69,51,18,1,17,11,2020
2020-11-18,7503,7771,100,78,1.65,22,48,51,54,46,8,2,18,11,2020
2020-11-18,7503,7771,78,61,1.61,17,38,51,54,46,8,2,18,11,2020
2020-11-18,7503,7771,61,24,1.67,37,80,51,54,46,8,2,18,11,2020
2020-11-18,7501,7772,100,46,2.23,54,87,51,54,46,8,2,18,11,2020
2020-11-18,7501,7772,46,13,1.98,33,60,51,54,46,8,2,18,11,2020
2020-11-18,7505,7071,100,45,2.28,55,87,51,54,46,8,2,18,11,2020
2020-11-18,7505,7071,45,24,1.58,21,48,51,54,46,8,2,18,11,2020
2020-11-18,7504,7072,100,72,1.53,28,66,51,54,46,8,2,18,11,2020
2020-11-18,7504,7072,72,30,1.78,42,85,51,54,46,8,2,18,11,2020
2020-11-19,7503,7771,100,71,2.18,29,48,50,57,46,11,3,19,11,2020
2020-11-19,7503,7771,71,52,1.8,19,38,50,57,46,11,3,19,11,2020
2020-11-19,7503,7771,52,15,1.67,37,80,50,57,46,11,3,19,11,2020
2020-11-19,7501,7772,100,43,2.36,57,87,50,57,46,11,3,19,11,2020
2020-11-19,7501,7772,43,5,2.24,38,61,50,57,46,11,3,19,11,2020
2020-11-19,7505,7071,100,45,2.28,55,87,50,57,46,11,3,19,11,2020
2020-11-19,7505,7071,45,25,1.5,20,48,50,57,46,11,3,19,11,2020
2020-11-19,7504,7072,100,70,1.64,30,66,50,57,46,11,3,19,11,2020
2020-11-19,7504,7072,70,25,1.91,45,85,50,57,46,11,3,19,11,2020
2020-11-20,7503,7771,100,74,1.95,26,48,52,59,46,13,4,20,11,2020
2020-11-20,7503,7771,74,38,3.41,36,38,52,59,46,13,4,20,11,2020
2020-11-20,7503,7771,38,11,2.31,27,42,52,59,46,13,4,20,11,2020
2020-11-20,7501,7772,100,43,2.36,57,87,52,59,46,13,4,20,11,2020
2020-11-20,7501,7772,43,13,1.8,30,60,52,59,46,13,4,20,11,2020
2020-11-20,7505,7072,100,68,1.75,32,66,52,59,46,13,4,20,11,2020
2020-11-24,7503,7771,100,67,2.48,33,48,53,60,45,15,1,24,11,2020
2020-11-24,7503,7771,67,47,1.89,20,38,53,60,45,15,1,24,11,2020
2020-11-24,7503,7771,47,4,1.94,43,80,53,60,45,15,1,24,11,2020
2020-11-24,7504,7772,100,52,1.99,48,87,53,60,45,15,1,24,11,2020
2020-11-24,7504,7772,52,14,1.65,38,83,53,60,45,15,1,24,11,2020
2020-11-24,7505,7072,100,68,1.75,32,66,53,60,45,15,1,24,11,2020
2020-11-24,7505,7072,68,28,1.69,40,85,53,60,45,15,1,24,11,2020
2020-11-25,7504,7771,100,70,2.25,30,48,47,54,43,11,2,25,11,2020
2020-11-25,7504,7771,70,53,1.61,17,38,47,54,43,11,2,25,11,2020
2020-11-25,7504,7771,53,16,1.67,37,80,47,54,43,11,2,25,11,2020
2020-11-25,7501,7772,100,43,2.36,57,87,47,54,43,11,2,25,11,2020
2020-11-25,7501,7772,43,10,1.98,33,60,47,54,43,11,2,25,11,2020
2020-11-25,7505,7072,100,67,1.8,33,66,47,54,43,11,2,25,11,2020
2020-11-25,7505,7072,67,20,1.99,47,85,47,54,43,11,2,25,11,2020
2020-11-27,7501,7771,100,68,2.4,32,48,52,60,45,15,4,27,11,2020
2020-11-27,7501,7771,68,48,0.85,20,85,52,60,45,15,4,27,11,2020
2020-11-27,7501,7771,48,2,5.52,46,30,52,60,45,15,4,27,11,2020
2020-12-01,7501,7771,100,66,2.55,34,48,54,62,47,15,1,1,12,2020
2020-12-01,7501,7771,66,42,2.27,24,38,54,62,47,15,1,1,12,2020
2020-12-01,7501,7771,42,14,2.4,28,42,54,62,47,15,1,1,12,2020
2020-12-02,7501,7771,100,68,2.4,32,48,54,61,50,11,2,2,12,2020
2020-12-02,7501,7771,68,47,1.99,21,38,54,61,50,11,2,2,12,2020
2020-12-02,7501,7771,47,6,1.87,41,79,54,61,50,11,2,2,12,2020
2020-12-02,7504,7772,100,62,2.4,38,57,54,61,50,11,2,2,12,2020
2020-12-02,7505,7072,100,62,2.07,38,66,54,61,50,11,2,2,12,2020
2020-12-02,7505,7072,62,19,1.82,43,85,54,61,50,11,2,2,12,2020
2020-12-03,7503,7771,100,67,2.48,33,48,57,64,51,13,3,3,12,2020
2020-12-03,7503,7771,67,47,1.89,20,38,57,64,51,13,3,3,12,2020
2020-12-03,7503,7771,47,10,1.67,37,80,57,64,51,13,3,3,12,2020
2020-12-03,7501,7772,100,40,2.48,60,87,57,64,51,13,3,3,12,2020
2020-12-03,7501,7772,40,8,1.89,32,61,57,64,51,13,3,3,12,2020
2020-12-03,7505,7072,98,61,2.02,37,66,57,64,51,13,3,3,12,2020
2020-12-03,7505,7072,61,35,2.08,26,45,57,64,51,13,3,3,12,2020
2020-12-04,7505,7771,100,65,2.63,35,48,58,65,52,13,4,4,12,2020
2020-12-04,7505,7771,65,48,1.61,17,38,58,65,52,13,4,4,12,2020
2020-12-04,7505,7771,48,5,1.94,43,80,58,65,52,13,4,4,12,2020
2020-12-04,7501,7772,100,41,2.44,59,87,58,65,52,13,4,4,12,2020
2020-12-07,7503,7771,100,66,2.55,34,48,59,67,50,17,0,7,12,2020
2020-12-07,7503,7771,66,45,1.99,21,38,59,67,50,17,0,7,12,2020
2020-12-07,7503,7771,45,6,2.19,39,64,59,67,50,17,0,7,12,2020
2020-12-07,7501,7772,100,49,2.11,51,87,59,67,50,17,0,7,12,2020
2020-12-07,7501,7772,49,6,1.87,43,83,59,67,50,17,0,7,12,2020
2020-12-07,7505,7072,100,67,1.8,33,66,59,67,50,17,0,7,12,2020
2020-12-07,7505,7072,67,28,1.65,39,85,59,67,50,17,0,7,12,2020
2020-12-08,7503,7771,100,78,1.65,22,48,62,71,56,15,1,8,12,2020
2020-12-08,7503,7771,78,63,1.42,15,38,62,71,56,15,1,8,12,2020
2020-12-08,7503,7771,63,18,2.03,45,80,62,71,56,15,1,8,12,2020
2020-12-08,7504,7072,100,56,2.4,44,66,62,71,56,15,1,8,12,2020
2020-12-08,7504,7072,56,18,1.61,38,85,62,71,56,15,1,8,12,2020
2020-12-09,7503,7771,100,72,2.1,28,48,58,65,53,12,2,9,12,2020
2020-12-09,7503,7771,72,55,1.61,17,38,58,65,53,12,2,9,12,2020
2020-12-09,7503,7771,55,18,1.67,37,80,58,65,53,12,2,9,12,2020
2020-12-09,7501,7772,100,41,2.44,59,87,58,65,53,12,2,9,12,2020
2020-12-09,7501,7772,41,4,2.15,37,62,58,65,53,12,2,9,12,2020
2020-12-09,7504,7072,100,65,1.91,35,66,58,65,53,12,2,9,12,2020
2020-12-09,7504,7072,65,21,1.86,44,85,58,65,53,12,2,9,12,2020
2020-12-10,7505,7771,100,68,2.4,32,48,54,63,44,19,3,10,12,2020
2020-12-10,7505,7771,68,49,1.8,19,38,54,63,44,19,3,10,12,2020
2020-12-10,7505,7771,49,15,1.53,34,80,54,63,44,19,3,10,12,2020
2020-12-10,7501,7772,100,41,2.44,59,87,54,63,44,19,3,10,12,2020
2020-12-10,7501,7772,41,5,2.12,36,61,54,63,44,19,3,10,12,2020
2020-12-10,7504,7072,100,66,1.85,34,66,54,63,44,19,3,10,12,2020
2020-12-10,7504,7072,66,23,1.82,43,85,54,63,44,19,3,10,12,2020
2020-12-11,7503,7771,100,71,2.18,29,48,45,50,39,11,4,11,12,2020
2020-12-11,7503,7771,71,48,2.18,23,38,45,50,39,11,4,11,12,2020
2020-12-11,7503,7771,48,0,3.003,48,0,45,50,39,11,4,11,12,2020
2020-12-11,7501,7772,100,41,2.44,59,87,45,50,39,11,4,11,12,2020
2020-12-11,7501,7772,41,0,3.003,41,0,45,50,39,11,4,11,12,2020
2020-12-11,7504,7072,100,67,1.8,33,66,45,50,39,11,4,11,12,2020
2020-12-11,7504,7072,67,23,1.86,44,85,45,50,39,11,4,11,12,2020
2020-12-14,7505,7772,100,52,1.99,48,87,44,49,38,11,0,14,12,2020
2020-12-14,7505,7772,52,9,1.87,43,83,44,49,38,11,0,14,12,2020
2020-12-14,7504,7072,100,64,1.96,36,66,44,49,38,11,0,14,12,2020
2020-12-14,7504,7072,64,25,1.65,39,85,44,49,38,11,0,14,12,2020
,,,,,1.911250134,,,,,,,,,,